id,content_id,type,likes,engagement_date,campaign_id,product_id,views_clicks
805,10,SOCIALMEDIA,0,12/20/2025,17,9,Oct-00
3512,43,Newsletter,0,12/15/2025,11,16,Oct-00
1305,13,video,22,4/10/2023,20,11,1000-119
2594,50,Video,3,8/4/2025,9,6,1000-65
1516,50,BLOG,2,6/26/2025,20,7,1001-76
1966,24,Newsletter,8,5/26/2025,4,11,1001-89
2998,17,video,0,8/20/2025,11,6,1003-18
1601,44,newsletter,2,8/11/2025,10,16,1003-51
664,2,NEWSLETTER,6,4/9/2024,15,18,1005-104
4318,5,BLOG,67,10/29/2023,11,4,1006-247
2473,5,Video,5,7/22/2024,19,17,1006-48
1611,17,socialmedia,14,2/20/2025,17,1,1007-115
3532,10,VIDEO,1,8/25/2025,5,9,1007-52
1407,17,video,4,6/5/2025,13,3,1008-58
2869,12,Socialmedia,2,4/29/2025,16,7,1009-54
2872,14,newsletter,15,8/2/2024,10,3,1009-77
4286,41,Socialmedia,33,2/25/2024,1,5,1010-128
30,29,Newsletter,14,9/10/2024,20,17,1010-196
3536,47,Video,2,6/2/2025,7,11,1010-39
1327,44,SOCIALMEDIA,1,6/10/2025,6,6,1010-43
424,47,video,0,11/20/2025,2,9,101-1
169,26,newsletter,1,10/18/2024,10,2,101-11
4575,27,Blog,6,12/27/2024,16,18,1011-160
4332,16,Video,2,7/8/2025,7,20,1011-55
2537,38,Socialmedia,5,4/30/2025,5,13,1012-107
2420,3,Newsletter,18,11/27/2024,13,12,1012-119
547,34,Newsletter,0,7/26/2025,5,3,1014-16
685,21,NEWSLETTER,66,9/12/2023,4,16,1017-290
2725,9,VIDEO,1,8/23/2025,6,11,1020-27
3457,44,Socialmedia,0,11/24/2025,11,2,102-1
738,11,SOCIALMEDIA,28,5/7/2024,15,10,1022-108
2399,30,NEWSLETTER,4,4/25/2025,20,18,1022-112
1136,41,video,120,1/14/2023,6,20,1022-265
3303,22,Video,9,2/14/2023,11,20,102-30
3786,17,Blog,71,2/17/2023,3,19,1023-218
2452,17,socialmedia,5,6/10/2025,3,18,1023-87
3520,27,newsletter,0,10/10/2025,13,20,102-4
4368,43,Video,5,1/30/2025,10,17,1024-97
2639,3,video,1,6/7/2024,3,18,102-5
2634,12,NEWSLETTER,1,6/24/2025,3,6,1026-23
299,14,Socialmedia,48,6/22/2023,14,20,1026-320
2715,6,blog,24,9/16/2023,20,17,1028-106
856,39,BLOG,32,11/19/2024,16,15,1028-173
2371,25,Blog,2,7/16/2025,19,14,1028-77
1590,44,newsletter,0,9/4/2025,8,11,1029-15
2801,32,newsletter,65,4/28/2023,17,15,1030-243
1031,44,newsletter,18,9/22/2024,2,5,1031-142
1053,44,Socialmedia,0,9/11/2025,14,3,103-2
3679,44,Video,2,6/16/2025,3,7,1033-71
4469,43,newsletter,1,7/20/2025,13,6,1034-56
3279,28,blog,14,1/2/2025,10,7,1034-93
2079,19,Socialmedia,2,7/5/2025,18,7,1035-38
2144,49,Newsletter,9,4/3/2025,2,13,1037-110
21,26,Blog,7,12/28/2024,1,6,1037-111
1347,19,video,5,1/28/2025,11,4,1037-133
1997,39,Video,29,1/17/2024,11,11,1039-162
646,43,Blog,44,5/7/2024,17,15,1039-224
3977,50,socialmedia,159,1/1/2023,8,2,1039-351
1439,39,VIDEO,1,7/13/2025,5,3,1040-19
2097,48,Newsletter,22,11/24/2024,6,3,1041-153
1330,17,BLOG,1,8/23/2025,10,15,1041-48
612,4,newsletter,3,6/1/2025,12,16,1041-88
2520,48,Blog,9,4/6/2025,7,7,1041-92
2583,18,Blog,0,11/11/2025,4,8,104-2
1837,5,blog,39,4/9/2023,12,16,1042-241
1847,36,Socialmedia,0,8/31/2025,1,8,1043-13
1737,20,Blog,5,1/27/2025,6,10,1043-146
3942,2,newsletter,127,6/23/2023,12,3,1043-332
2335,49,video,5,4/27/2025,8,5,1043-55
4416,25,Newsletter,0,12/19/2025,18,20,104-4
431,20,Video,0,8/21/2025,20,16,1044-14
1505,41,Video,16,12/15/2024,4,9,1046-97
4101,44,blog,47,8/9/2024,8,8,1047-228
2236,32,SOCIALMEDIA,32,3/28/2024,4,14,1049-175
1932,28,Socialmedia,1,7/19/2025,4,15,1049-29
1442,17,Blog,0,7/23/2025,1,11,1049-30
974,4,newsletter,1,8/19/2025,20,17,1050-52
2567,12,socialmedia,4,7/17/2024,5,6,105-24
179,25,video,3,5/4/2025,19,19,1052-65
446,34,NEWSLETTER,2,6/22/2025,5,9,1053-48
3832,43,Socialmedia,6,3/15/2025,16,12,1053-93
2405,5,Socialmedia,155,2/23/2023,13,12,1055-398
300,8,newsletter,8,2/25/2024,8,14,1055-66
4211,28,blog,8,1/3/2024,19,4,1056-95
321,27,Socialmedia,5,6/21/2025,15,12,1057-58
736,17,Blog,1,8/8/2025,5,11,1060-41
4455,24,Blog,18,8/4/2023,7,18,1062-192
560,33,video,27,5/21/2024,19,20,1062-235
233,30,SOCIALMEDIA,0,8/5/2025,1,11,1063-20
422,46,blog,1,8/22/2025,15,8,1064-63
4127,12,SOCIALMEDIA,25,3/3/2024,10,18,1065-125
2994,19,blog,4,1/15/2025,1,9,1065-41
1666,3,Socialmedia,0,3/13/2025,5,2,106-6
50,43,SOCIALMEDIA,11,6/23/2024,15,14,1066-110
2290,46,SOCIALMEDIA,24,11/14/2024,4,17,1066-160
116,35,video,0,3/15/2025,1,19,106-7
3484,39,Newsletter,91,2/13/2024,1,16,1067-322
4592,33,Blog,1,1/3/2024,20,13,106-8
2762,44,Blog,0,8/31/2025,3,19,1069-20
3145,15,blog,20,11/25/2024,16,1,1070-128
1310,39,SOCIALMEDIA,19,8/1/2024,12,17,1071-108
2122,27,newsletter,14,4/9/2025,1,20,1071-129
3656,29,BLOG,3,1/27/2025,20,4,1073-52
2229,22,blog,12,9/20/2024,14,5,1073-74
4167,31,Blog,0,8/30/2025,12,14,1075-32
4050,22,Socialmedia,1,8/24/2025,16,9,1075-59
2815,25,Socialmedia,0,8/5/2025,5,17,1076-14
4106,29,Blog,48,6/3/2024,3,17,1076-194
4417,7,Socialmedia,8,11/7/2024,18,9,1077-112
2105,12,Video,0,8/3/2025,10,20,1077-27
1035,11,Video,19,11/3/2024,5,9,1078-131
1955,3,video,1,8/11/2025,10,12,1078-51
31,1,socialmedia,2,6/10/2025,4,4,1079-44
276,27,SOCIALMEDIA,13,10/10/2024,11,17,1079-73
3544,33,NEWSLETTER,0,1/17/2025,18,14,108-16
3197,2,Newsletter,17,1/16/2025,8,5,1082-156
1577,20,socialmedia,1,7/27/2025,5,18,1082-23
3940,37,Newsletter,96,9/19/2023,12,1,1082-323
335,19,BLOG,11,12/17/2024,19,10,1084-118
2262,1,socialmedia,0,10/4/2025,6,12,108-5
941,30,Socialmedia,16,10/16/2024,9,5,1085-141
1618,40,video,0,7/24/2025,14,4,1086-27
2658,19,Blog,69,10/11/2023,3,14,1087-348
524,36,Video,37,7/1/2024,4,14,1089-167
3129,37,BLOG,33,3/31/2023,5,17,1090-166
667,44,blog,1,2/14/2025,10,20,1090-35
3585,41,BLOG,0,8/29/2025,19,12,1091-14
769,16,SOCIALMEDIA,57,2/24/2024,19,15,1091-311
325,35,BLOG,7,1/27/2025,10,9,1092-56
4503,19,NEWSLETTER,0,9/11/2025,3,18,109-5
2458,40,Blog,4,7/13/2025,15,9,1095-62
2497,8,Newsletter,9,10/29/2024,7,20,1096-159
408,12,newsletter,33,8/12/2024,4,12,1097-199
1556,10,socialmedia,48,1/22/2024,5,8,1098-188
3297,12,Video,20,6/9/2024,16,3,1098-200
757,47,video,28,2/23/2024,6,3,1101-146
4565,35,SOCIALMEDIA,89,2/11/2024,15,15,1102-313
2121,48,Video,2,9/28/2024,3,18,1103-48
1461,23,Blog,0,8/23/2025,15,12,1104-14
3422,1,Newsletter,34,3/2/2023,6,4,1104-220
2839,4,BLOG,0,4/15/2025,12,16,1107-30
803,42,Video,10,9/23/2024,14,7,1107-95
1453,20,socialmedia,3,4/7/2025,1,12,1108-57
3761,14,video,23,7/2/2023,6,7,1109-99
2011,20,blog,16,10/28/2024,5,16,1110-133
3149,18,NEWSLETTER,67,1/7/2023,15,20,1110-164
3173,11,NEWSLETTER,0,9/20/2025,11,11,111-1
2234,49,Video,3,7/13/2025,8,6,1111-54
4350,8,socialmedia,1,6/5/2025,15,15,1111-57
2246,4,socialmedia,20,7/28/2024,17,3,1111-98
64,49,video,0,12/3/2025,1,15,111-3
519,50,Video,39,9/10/2023,18,15,1113-172
2846,11,Newsletter,10,2/8/2025,2,9,1114-143
1641,29,newsletter,1,8/17/2025,4,18,1114-56
1996,25,Socialmedia,25,7/29/2024,11,10,1115-178
4154,5,Newsletter,21,8/28/2024,20,15,1116-166
3829,15,Socialmedia,19,10/15/2023,5,2,1118-150
1534,24,Socialmedia,51,7/6/2023,10,9,1119-272
619,46,Socialmedia,5,5/12/2025,16,3,1120-118
3934,13,socialmedia,0,12/13/2025,19,1,112-1
2915,4,VIDEO,2,3/27/2025,10,11,1121-70
1824,15,Blog,0,11/5/2025,15,7,112-2
434,32,Blog,0,6/16/2025,17,17,112-3
319,37,Newsletter,17,9/18/2024,10,7,1123-137
1912,43,Video,36,9/5/2023,8,10,1123-137
2211,40,newsletter,24,10/1/2024,7,10,1123-160
3554,28,Newsletter,11,8/17/2023,1,12,112-32
2747,34,Blog,3,12/2/2023,10,13,112-38
3195,28,Socialmedia,5,1/5/2025,10,15,1126-111
2517,35,newsletter,4,5/26/2025,9,18,1127-47
1259,16,blog,3,2/24/2025,15,8,1129-59
2790,35,socialmedia,1,10/10/2024,10,7,113-10
3080,1,BLOG,57,6/25/2023,18,2,1131-272
1884,11,Blog,0,9/24/2025,18,15,113-4
4494,3,blog,1,7/14/2025,6,4,1134-64
2347,1,Video,0,8/19/2025,7,15,1137-32
3220,40,Video,89,4/2/2023,14,17,1139-248
4505,12,Newsletter,1,5/26/2025,20,1,1139-35
3535,6,blog,0,8/8/2025,12,5,1139-44
1554,37,NEWSLETTER,20,8/20/2024,6,4,1140-246
2007,29,BLOG,1,8/21/2025,5,12,1140-38
1088,1,BLOG,2,7/14/2025,1,15,1140-53
2579,35,SOCIALMEDIA,0,12/22/2024,12,15,114-10
176,9,SOCIALMEDIA,16,6/28/2023,5,4,1142-121
3307,25,VIDEO,12,12/26/2024,17,20,1143-120
2322,21,Video,2,6/23/2025,13,6,1144-41
482,44,SOCIALMEDIA,76,3/30/2023,7,14,1144-456
47,41,Video,33,6/8/2024,3,12,1145-130
449,25,SOCIALMEDIA,61,10/27/2023,10,16,1147-209
1693,4,VIDEO,12,9/8/2024,6,11,1148-226
1635,12,Video,6,3/3/2025,6,19,1149-74
4380,9,socialmedia,32,12/26/2023,16,18,1150-135
1507,36,Blog,26,11/1/2024,1,11,1150-205
2315,13,Socialmedia,41,2/17/2024,19,18,1150-298
2803,38,Socialmedia,2,7/11/2025,14,16,1150-43
4064,36,Blog,2,8/8/2025,5,7,1150-66
4528,20,video,0,10/20/2025,5,11,115-1
3133,21,newsletter,23,10/29/2024,2,16,1151-214
2339,15,Video,1,8/13/2025,3,19,1151-52
3405,23,video,2,6/17/2024,17,3,115-20
1180,45,Video,88,4/11/2024,1,19,1152-307
3823,10,Blog,4,7/11/2025,2,15,1152-61
4394,44,Newsletter,14,4/16/2025,15,5,1153-124
2074,47,Newsletter,12,5/4/2023,16,2,115-35
4132,31,Blog,18,5/10/2024,4,11,1153-85
281,34,socialmedia,0,4/6/2025,9,18,115-5
2285,26,Newsletter,21,2/21/2025,13,18,1155-156
4306,13,Socialmedia,16,1/12/2025,16,11,1155-169
1485,25,video,3,4/11/2025,7,3,1155-68
2753,49,blog,0,3/14/2025,6,3,115-7
2118,26,video,23,10/5/2024,13,2,1157-165
223,17,socialmedia,2,8/10/2025,3,4,1157-42
4215,22,blog,10,3/3/2025,3,9,1159-155
4409,50,Video,37,3/1/2024,8,2,1159-155
3150,30,BLOG,33,12/9/2023,4,2,1160-136
3140,27,Video,78,12/2/2023,4,4,1160-249
3010,29,VIDEO,0,10/3/2025,13,20,116-2
3205,34,SOCIALMEDIA,119,3/4/2023,7,7,1165-453
604,14,Newsletter,2,6/28/2025,12,12,1166-40
2467,15,Socialmedia,6,8/16/2024,6,2,1168-130
3064,45,SOCIALMEDIA,15,12/4/2023,17,2,1169-182
3214,49,Socialmedia,105,4/19/2023,17,4,1169-323
2911,36,Video,2,6/25/2025,18,6,1169-97
2171,32,newsletter,11,12/3/2023,6,19,1170-135
1155,40,VIDEO,26,11/19/2024,4,13,1170-166
1689,36,Video,10,8/27/2024,2,13,1171-185
3223,48,VIDEO,1,8/12/2025,19,19,1172-25
2816,45,Blog,59,9/30/2023,13,13,1173-212
1002,39,SOCIALMEDIA,128,7/22/2023,4,5,1173-367
474,42,Newsletter,2,5/7/2025,4,8,1173-81
4320,19,blog,32,3/18/2024,7,1,1175-212
637,33,blog,48,6/4/2023,1,3,1175-464
4610,14,newsletter,17,9/20/2024,20,16,1178-162
688,30,newsletter,74,11/4/2023,13,11,1178-248
3222,45,blog,16,8/18/2024,14,8,1179-107
3213,27,socialmedia,12,1/22/2024,20,3,1179-182
3086,27,video,7,1/30/2025,7,18,1180-57
4247,17,Blog,2,4/23/2024,7,6,118-16
1147,38,newsletter,4,7/4/2025,7,3,1182-76
770,26,video,2,7/9/2025,16,15,1182-79
3264,48,Video,1,7/5/2025,15,8,1182-79
1651,16,blog,6,12/14/2024,19,2,1186-128
459,43,Socialmedia,9,12/8/2024,8,2,1186-129
426,23,VIDEO,34,9/15/2024,12,4,1186-225
3622,18,newsletter,1,5/11/2025,6,13,1186-49
3092,20,Blog,36,4/30/2024,5,2,1187-320
2805,37,blog,35,8/8/2024,13,5,1188-212
4209,19,Video,161,3/15/2023,3,13,1188-540
2617,7,Newsletter,35,6/29/2024,11,4,1189-254
2880,17,newsletter,2,7/2/2025,18,15,1189-34
472,29,newsletter,94,1/25/2023,10,3,1190-285
4362,33,Newsletter,0,7/13/2025,5,2,1192-25
95,35,newsletter,22,8/15/2024,1,7,1193-209
1830,48,Socialmedia,45,9/16/2024,4,5,1193-245
4527,35,Socialmedia,1,5/11/2025,19,3,1193-49
2669,37,NEWSLETTER,1,6/15/2025,16,2,1194-94
865,25,socialmedia,44,6/13/2024,17,17,1196-220
1262,3,VIDEO,108,7/18/2023,18,5,1196-292
3215,19,Video,3,7/28/2025,3,7,1198-80
2032,49,Video,7,8/31/2024,8,18,1199-137
4271,16,Video,5,3/20/2025,5,11,1200-43
1328,34,SOCIALMEDIA,1,7/31/2025,12,13,1200-60
3842,4,SOCIALMEDIA,0,9/18/2025,11,4,120-1
2655,18,NEWSLETTER,10,4/17/2025,19,7,1201-108
428,2,Video,0,12/12/2025,12,17,120-3
3236,13,socialmedia,27,7/4/2023,14,13,1205-107
4047,14,newsletter,3,8/13/2025,20,19,1205-53
3950,37,Socialmedia,2,7/30/2025,8,16,1205-54
2940,7,Video,0,7/5/2025,14,12,120-6
3705,28,Newsletter,11,3/21/2025,20,10,1206-106
3384,39,SOCIALMEDIA,19,10/19/2024,13,19,1208-148
2748,16,Socialmedia,26,11/29/2024,5,12,1209-156
3793,49,Blog,0,8/3/2025,15,19,1210-33
162,23,BLOG,7,3/17/2025,17,14,1211-104
505,24,SOCIALMEDIA,9,12/16/2023,5,19,121-37
2140,45,Newsletter,3,5/23/2025,2,14,1214-88
3584,24,blog,4,12/7/2024,6,14,1214-88
4566,15,BLOG,20,12/24/2024,12,17,1216-129
4155,39,Video,3,5/30/2025,19,1,1217-49
1950,35,Socialmedia,21,10/4/2024,16,13,1218-181
3065,36,Blog,0,6/16/2025,12,9,1218-22
147,13,Socialmedia,5,4/19/2025,5,1,1219-74
1032,11,socialmedia,30,12/24/2024,4,8,1220-180
2438,19,socialmedia,11,3/9/2025,19,8,1220-95
1140,18,NEWSLETTER,9,4/26/2025,11,20,1222-137
2158,12,Socialmedia,9,2/5/2025,17,20,1222-156
1014,48,Socialmedia,41,7/23/2024,7,6,1222-213
34,1,Socialmedia,29,4/18/2023,11,4,1223-127
3257,17,BLOG,31,12/16/2024,11,16,1224-196
453,34,NEWSLETTER,2,6/26/2025,15,19,1224-49
1231,48,Blog,0,9/12/2025,11,1,122-5
2350,24,Blog,0,4/16/2025,3,1,1225-30
3668,23,BLOG,31,5/3/2024,16,18,1227-157
4207,11,Video,4,4/11/2025,20,3,1227-55
4270,5,NEWSLETTER,4,3/21/2025,6,17,1229-103
4470,13,Newsletter,12,8/27/2024,7,5,1229-169
1267,49,Video,101,5/21/2023,17,16,1229-385
4341,34,video,6,12/8/2024,17,20,1229-66
3859,50,VIDEO,28,5/9/2024,10,20,1230-295
4400,9,video,123,7/5/2023,15,8,1230-425
2282,25,Newsletter,46,6/27/2024,13,8,1231-299
1273,49,Newsletter,10,12/8/2024,15,13,1231-99
4422,6,Newsletter,62,2/5/2024,5,11,1232-207
4198,24,video,1,8/2/2025,1,9,1232-54
2969,13,socialmedia,10,3/11/2025,20,9,1234-152
821,31,Blog,2,6/25/2025,4,5,1236-75
152,32,newsletter,15,7/5/2024,4,4,1237-214
1751,4,NEWSLETTER,58,7/27/2023,8,12,1237-340
4063,45,Video,25,11/16/2023,12,6,1239-104
4121,7,Newsletter,0,12/19/2025,13,11,124-2
2908,6,socialmedia,2,6/19/2025,8,19,1243-75
2659,40,blog,14,10/21/2024,5,11,1244-104
1818,28,blog,31,5/23/2024,3,2,1246-241
4017,39,VIDEO,1,9/4/2024,6,15,124-8
932,24,blog,3,7/26/2025,8,5,1248-81
2972,4,VIDEO,137,10/28/2023,16,15,1250-450
4507,23,Blog,31,3/22/2024,11,14,1251-145
3454,48,newsletter,37,2/1/2024,11,6,1254-203
4460,39,NEWSLETTER,2,6/13/2025,10,16,1255-44
4421,3,blog,5,6/27/2025,8,20,1257-101
2910,37,Newsletter,14,1/4/2025,9,1,1257-172
1144,15,BLOG,45,9/11/2024,9,2,1257-233
3947,37,Blog,8,3/17/2025,20,15,1259-161
4568,8,video,1,7/31/2025,20,11,1260-40
3762,18,Socialmedia,2,4/14/2025,15,2,1261-74
1454,5,socialmedia,1,7/15/2025,6,19,1261-96
2152,28,VIDEO,143,9/1/2023,12,10,1262-454
1480,7,Blog,11,12/14/2024,17,14,1262-80
1346,3,Newsletter,3,6/29/2025,3,15,1263-74
3593,41,video,79,11/26/2023,9,19,1264-305
2737,37,Newsletter,0,12/25/2025,8,2,126-5
3835,10,blog,0,12/12/2025,20,3,126-5
3446,18,video,3,7/21/2025,11,16,1265-84
998,2,Blog,8,4/16/2025,7,11,1266-116
3862,47,Video,2,4/20/2025,7,7,1266-32
2769,47,blog,75,5/10/2023,1,16,1266-504
3075,43,video,8,6/14/2025,3,7,1267-110
1856,25,BLOG,2,8/10/2025,17,10,1267-41
3489,14,Video,24,2/9/2025,2,15,1268-174
3568,39,socialmedia,44,7/7/2023,14,17,1268-434
2155,2,Video,1,10/17/2023,16,4,127-13
698,43,Socialmedia,0,6/12/2025,6,6,127-3
3650,37,socialmedia,0,10/13/2025,4,5,127-3
4620,46,newsletter,209,7/17/2023,8,4,1273-516
1124,19,Blog,5,3/30/2025,3,5,1273-93
4190,13,socialmedia,0,6/5/2025,11,19,127-4
2863,44,Video,106,11/17/2023,14,19,1274-346
2353,5,Video,0,10/24/2025,5,10,127-5
3784,26,Newsletter,70,11/1/2023,4,18,1275-360
3221,17,socialmedia,2,8/10/2025,15,6,1275-74
3481,13,socialmedia,22,7/20/2024,6,2,1278-189
610,50,Video,30,6/7/2024,2,14,1278-330
1730,48,Blog,2,4/20/2025,8,15,1278-40
1169,41,Video,0,11/19/2025,18,1,128-1
2391,28,newsletter,16,11/17/2024,6,13,1281-125
884,12,newsletter,0,8/10/2025,12,3,1281-47
3242,6,VIDEO,4,7/24/2025,2,12,1281-62
2630,40,Newsletter,1,11/12/2024,9,16,128-20
1740,11,video,1,5/23/2025,1,13,1282-68
969,49,socialmedia,3,5/10/2025,12,4,1283-37
1138,2,Blog,71,1/25/2023,10,5,1286-214
1517,35,newsletter,20,9/11/2024,19,16,1287-102
3885,9,Video,18,12/13/2024,14,17,1289-154
369,6,Socialmedia,180,2/20/2023,15,11,1289-449
1835,8,Blog,8,4/10/2025,9,4,1289-78
1091,29,blog,44,10/22/2023,9,12,1292-198
783,44,Newsletter,10,4/11/2023,14,5,129-30
533,15,newsletter,33,11/15/2023,18,5,1293-141
682,4,video,8,1/23/2025,3,14,1294-58
3178,49,video,2,7/6/2025,3,12,1294-63
2619,7,NEWSLETTER,19,8/23/2024,14,12,1295-123
3330,30,VIDEO,191,5/8/2023,7,1,1295-480
4200,50,socialmedia,97,3/3/2023,5,9,1298-238
3414,46,Socialmedia,29,8/16/2024,1,11,1298-264
2707,15,Socialmedia,30,6/22/2024,8,20,1299-152
983,14,Blog,17,6/24/2024,9,14,1299-159
591,34,newsletter,2,11/4/2024,1,3,1299-75
3079,33,Socialmedia,0,8/9/2025,4,7,13-0
3833,4,socialmedia,3,5/10/2025,5,2,1300-38
1921,11,socialmedia,4,11/29/2024,8,3,1300-58
1963,6,NEWSLETTER,0,5/31/2025,16,7,130-11
673,35,Video,6,1/26/2025,18,2,1301-125
3367,41,Socialmedia,84,10/3/2023,15,20,1303-265
4335,37,Blog,0,9/3/2025,20,18,130-5
401,41,Blog,1,7/16/2025,12,17,1305-30
3745,29,video,21,4/10/2024,18,16,1307-232
2754,15,VIDEO,29,12/19/2023,5,15,1309-101
1025,4,Newsletter,6,7/1/2025,7,12,1309-84
3074,6,SOCIALMEDIA,0,9/8/2025,9,7,131-2
208,31,Blog,2,4/24/2024,15,18,131-32
589,34,Newsletter,33,4/27/2024,8,17,1313-267
4561,30,blog,1,7/30/2025,2,11,1315-40
3590,39,video,16,10/13/2024,12,1,1316-201
1887,36,socialmedia,49,6/1/2024,16,4,1316-339
4150,23,Newsletter,6,4/26/2025,17,20,1316-91
3200,19,VIDEO,16,11/10/2024,10,18,1318-169
4604,41,Video,0,8/7/2025,12,18,1320-17
4486,16,Video,89,7/6/2023,4,4,1321-447
1525,50,newsletter,42,4/3/2024,20,9,1323-335
1925,47,Blog,7,1/26/2025,13,15,1324-169
2456,6,Blog,5,4/27/2025,3,12,1326-58
823,8,Socialmedia,7,1/22/2025,2,14,1326-68
1139,48,video,27,1/10/2024,19,17,1328-230
2383,2,Video,3,7/15/2025,14,8,1329-54
1489,41,Video,31,12/5/2024,12,5,1330-195
4475,39,socialmedia,70,12/17/2023,15,4,1330-447
962,32,newsletter,16,8/25/2024,19,17,1331-105
4081,44,Socialmedia,4,5/21/2025,10,5,1331-52
2833,26,Video,0,5/27/2025,12,19,133-5
3834,25,SOCIALMEDIA,11,1/7/2025,14,11,1335-123
4115,46,Socialmedia,27,11/8/2024,10,8,1336-246
4024,17,Blog,0,8/30/2025,2,16,134-1
1396,6,video,81,9/11/2023,4,12,1341-245
44,18,Newsletter,3,4/10/2025,9,8,1341-66
2488,19,NEWSLETTER,1,7/14/2025,13,19,1344-89
576,8,Video,19,8/24/2024,2,10,1345-91
4321,2,Video,5,3/30/2025,5,16,1346-43
546,11,NEWSLETTER,4,6/19/2025,7,7,1346-83
3935,4,Socialmedia,4,2/3/2025,18,12,1346-97
2175,45,Blog,8,1/6/2025,4,8,1348-169
2045,27,blog,14,3/20/2025,18,16,1350-173
746,24,Newsletter,65,2/16/2024,1,5,1352-350
82,49,Socialmedia,142,4/26/2023,8,20,1354-425
3326,44,blog,128,7/26/2023,4,5,1355-518
3599,8,Video,2,6/13/2025,15,17,1356-26
1296,28,Blog,17,12/17/2024,8,15,1359-102
632,1,newsletter,76,2/23/2024,1,18,1360-256
88,28,socialmedia,121,10/1/2023,12,7,1360-440
3435,27,Socialmedia,87,5/12/2023,17,7,1361-374
1949,40,Newsletter,0,10/16/2025,13,2,136-2
3932,3,socialmedia,39,9/2/2024,4,4,1362-247
2200,45,Socialmedia,6,7/14/2025,7,19,1364-105
2491,35,VIDEO,58,12/20/2023,4,14,1364-306
3701,47,Video,143,10/3/2023,10,8,1365-446
3788,2,newsletter,5,7/6/2025,7,13,1368-87
3345,40,Newsletter,1,5/25/2025,12,4,1372-54
720,33,newsletter,4,4/19/2025,11,5,1372-58
3204,29,Video,0,11/19/2025,11,13,137-3
4591,33,Newsletter,39,1/13/2023,18,12,1374-232
964,20,Video,1,6/5/2025,16,6,1377-48
2143,34,Socialmedia,4,7/8/2025,19,18,1377-68
595,46,Video,4,12/29/2024,1,18,1379-54
3166,47,BLOG,19,10/31/2023,11,15,1380-258
2890,13,BLOG,13,8/12/2024,2,16,1381-83
2990,17,socialmedia,5,7/2/2023,4,14,138-28
2411,30,newsletter,6,3/30/2025,14,20,1383-157
3560,23,Blog,17,3/4/2025,12,15,1390-143
1106,22,video,1,6/27/2025,4,8,1390-56
2857,38,VIDEO,6,4/30/2025,15,19,1391-127
4016,11,socialmedia,0,11/9/2025,6,9,139-2
1924,17,Socialmedia,35,8/10/2024,16,12,1393-233
3626,33,socialmedia,14,11/23/2024,2,13,1394-169
2375,7,blog,17,8/3/2024,12,6,1394-85
183,50,blog,5,1/25/2025,4,16,1395-87
1944,41,VIDEO,2,12/7/2024,9,1,1396-54
4616,21,Newsletter,6,6/1/2025,14,16,1396-89
4146,19,NEWSLETTER,30,12/2/2023,15,4,1397-200
4471,37,Newsletter,0,10/14/2025,9,2,140-1
642,45,Newsletter,1,1/25/2025,1,17,140-12
869,40,Socialmedia,2,2/7/2025,11,15,140-19
2684,37,Video,116,7/10/2023,6,5,1402-382
2809,25,newsletter,10,3/10/2025,17,12,1403-187
1404,28,Blog,7,1/3/2025,19,20,1403-91
3023,12,VIDEO,21,12/10/2024,8,5,1404-165
700,1,Video,62,6/2/2023,11,6,1404-287
3803,3,Video,113,3/29/2023,3,11,1404-330
4095,46,NEWSLETTER,23,6/23/2024,2,2,1404-347
2763,3,Blog,9,3/8/2025,15,1,1404-69
3138,29,Newsletter,3,4/11/2025,19,17,1404-89
816,29,NEWSLETTER,7,6/28/2025,12,19,1405-87
3371,38,Socialmedia,8,12/5/2024,4,5,1406-140
2670,18,socialmedia,38,1/2/2024,6,11,1407-188
489,21,Video,2,3/31/2025,20,9,1407-66
110,12,SOCIALMEDIA,75,6/9/2024,3,4,1408-307
4457,15,Newsletter,21,4/13/2024,12,5,1408-361
490,21,Socialmedia,9,11/19/2024,19,9,1409-103
771,48,blog,233,7/17/2023,3,12,1409-572
3343,28,Blog,27,8/18/2024,10,11,1410-159
831,41,blog,0,8/28/2025,11,4,141-1
2283,38,newsletter,2,5/12/2025,3,18,1411-33
3796,13,video,4,3/13/2024,13,20,141-30
2495,27,blog,0,9/16/2025,8,7,141-4
761,14,Video,91,3/25/2023,1,11,1414-510
4452,36,blog,6,7/21/2025,5,10,1414-89
901,6,blog,0,9/25/2025,12,4,141-5
4593,22,Video,27,8/3/2024,10,10,1415-159
3892,36,Newsletter,4,5/21/2025,15,1,1415-48
33,44,BLOG,3,6/21/2025,1,7,1415-76
2501,48,NEWSLETTER,12,2/10/2025,5,1,1417-111
1217,39,newsletter,61,7/11/2024,3,16,1420-324
1120,34,Blog,11,5/7/2025,15,5,1421-139
4012,46,Video,23,5/18/2024,13,7,1422-169
2906,45,video,47,11/3/2023,3,4,1422-268
2713,9,Video,60,8/22/2023,15,7,1423-267
1418,26,Video,19,6/27/2024,17,1,1424-302
2401,46,newsletter,139,6/11/2023,2,14,1425-549
777,3,Socialmedia,6,6/7/2025,4,10,1425-78
2777,23,SOCIALMEDIA,22,1/4/2025,11,10,1426-150
238,42,Blog,14,11/19/2023,9,15,1426-167
2884,33,socialmedia,2,6/26/2025,9,10,1426-38
3488,43,newsletter,13,9/14/2024,17,10,1431-172
930,36,Blog,12,8/19/2024,19,7,1431-274
1345,12,blog,7,6/8/2025,6,5,1432-119
394,19,video,41,5/23/2023,8,17,1434-320
3269,15,blog,23,12/12/2024,14,5,1435-230
564,45,Newsletter,12,4/1/2025,20,18,1436-117
2710,8,Video,26,1/22/2025,15,16,1436-206
1569,44,Newsletter,0,8/3/2025,5,3,143-7
4383,20,video,88,4/17/2023,17,19,1437-476
1871,28,video,17,7/18/2024,13,15,1438-101
906,15,VIDEO,32,11/3/2023,12,19,1438-114
2360,40,Newsletter,10,5/13/2025,10,10,1441-120
987,5,blog,4,6/21/2025,4,19,1441-97
19,30,Newsletter,118,10/29/2023,11,9,1442-400
598,41,Blog,11,10/10/2023,1,1,1443-138
4480,21,Video,10,9/10/2024,1,13,1443-221
3936,40,Video,72,1/14/2024,20,1,1445-452
239,11,Video,10,9/24/2024,11,10,1445-83
3871,11,Video,3,5/10/2025,15,15,1446-50
759,40,video,21,8/5/2024,1,11,1447-149
2806,15,Newsletter,3,4/18/2025,15,5,1449-82
3509,49,NEWSLETTER,3,6/20/2025,13,5,1450-65
2714,28,blog,6,3/25/2025,3,20,1452-135
3360,12,VIDEO,51,11/8/2023,16,1,1452-370
3543,4,Socialmedia,87,10/25/2023,8,2,1453-486
1786,39,Newsletter,72,3/22/2023,9,9,1455-231
724,38,blog,5,3/11/2025,15,14,1456-118
2432,13,Socialmedia,63,5/21/2024,4,10,1456-273
2878,19,Blog,32,8/25/2023,6,16,1457-232
1866,4,NEWSLETTER,12,2/14/2025,11,8,1459-110
2278,39,Socialmedia,10,4/13/2025,16,19,1461-120
4397,35,Socialmedia,51,7/6/2023,19,8,1461-312
1530,23,newsletter,1,3/3/2025,20,15,146-14
543,44,Newsletter,0,4/7/2025,20,17,146-17
2178,47,BLOG,244,3/16/2023,14,19,1462-665
2487,18,Newsletter,0,12/11/2025,14,18,146-3
4429,30,Socialmedia,32,12/4/2024,20,6,1463-237
707,14,NEWSLETTER,3,10/29/2024,5,15,1463-71
2004,7,NEWSLETTER,12,5/29/2025,19,11,1464-130
2666,14,Newsletter,11,3/24/2025,4,12,1466-163
3226,22,Video,49,5/28/2024,6,9,1468-221
2624,13,video,7,7/19/2025,19,7,1469-108
3572,50,newsletter,3,5/19/2025,19,18,1469-81
947,4,blog,8,6/4/2025,20,7,1470-118
2978,4,BLOG,0,3/24/2024,16,10,147-13
63,31,NEWSLETTER,6,3/28/2025,16,16,1473-97
3163,3,BLOG,6,2/15/2025,10,5,1474-65
3958,3,socialmedia,23,3/25/2024,18,19,1477-110
445,41,Newsletter,5,5/21/2025,16,18,1479-80
2308,37,NEWSLETTER,1,5/4/2025,17,4,1480-33
2505,30,newsletter,86,1/24/2024,20,9,1481-282
377,16,BLOG,1,3/30/2025,16,16,148-16
540,22,video,8,6/14/2025,2,17,1482-105
1603,40,Video,36,4/9/2024,14,4,1482-162
1093,46,Newsletter,1,4/28/2025,8,5,1482-48
4054,10,Socialmedia,0,9/8/2025,6,17,148-4
3771,31,socialmedia,9,6/1/2025,10,9,1484-102
3124,32,VIDEO,68,6/19/2024,16,18,1484-331
230,30,newsletter,23,1/10/2025,3,10,1489-162
3298,50,Newsletter,5,2/10/2025,8,5,1491-191
989,23,newsletter,0,2/16/2025,4,15,149-12
690,24,BLOG,4,7/11/2025,18,9,1491-61
2202,35,Newsletter,8,2/7/2024,5,4,149-29
66,28,VIDEO,23,9/12/2024,4,5,1493-141
1704,3,newsletter,38,9/28/2023,5,6,1493-176
2948,17,video,110,3/24/2024,14,2,1495-390
3758,12,Blog,5,4/7/2025,17,13,1495-97
2441,42,BLOG,4,8/13/2024,15,16,1497-80
1306,18,Socialmedia,6,2/16/2025,20,5,1500-109
3319,14,Newsletter,48,1/5/2023,18,9,1503-221
107,20,Blog,0,1/27/2025,6,12,150-4
1113,7,Newsletter,0,10/2/2025,1,17,150-4
867,25,Video,10,2/24/2025,14,8,1504-130
2503,5,BLOG,126,3/4/2024,4,1,1505-439
1157,2,BLOG,8,6/11/2025,6,4,1508-104
316,3,socialmedia,27,11/11/2024,4,19,1508-196
3825,27,Blog,2,5/14/2025,11,7,1509-108
3938,38,Socialmedia,69,3/20/2024,13,3,1510-320
2929,23,socialmedia,0,9/5/2024,6,18,151-10
298,13,Newsletter,0,9/18/2025,6,1,151-2
3452,35,SOCIALMEDIA,14,10/12/2024,9,5,1513-118
2629,7,blog,28,11/25/2023,12,17,1513-300
2740,25,BLOG,6,4/17/2025,17,8,1513-53
309,11,newsletter,2,5/30/2025,9,10,1513-68
1550,27,Newsletter,14,9/28/2024,5,15,1514-185
692,13,VIDEO,61,4/28/2024,15,9,1514-294
4487,15,video,8,1/27/2025,2,20,1515-162
2511,6,Video,1,5/29/2025,14,5,1515-75
2723,14,blog,68,2/23/2023,1,15,1517-174
315,35,newsletter,1,11/2/2024,2,9,152-13
62,15,Socialmedia,2,5/29/2025,18,10,1521-33
2731,45,video,0,1/8/2025,9,11,152-15
2946,17,Blog,5,7/13/2025,20,16,1522-101
2022,8,socialmedia,158,7/8/2023,19,14,1522-468
3855,10,Blog,169,5/24/2023,17,9,1523-403
2720,25,Video,0,7/29/2025,20,17,152-5
3011,8,video,22,11/13/2024,12,10,1528-209
1640,19,newsletter,23,2/28/2023,17,3,1529-224
552,37,Newsletter,3,4/21/2025,11,20,1529-56
2924,26,Video,2,12/30/2024,13,14,153-21
1463,14,newsletter,16,12/15/2023,19,2,1532-230
1938,33,Newsletter,28,11/28/2024,19,18,1532-267
1545,15,blog,14,3/17/2025,1,6,1533-161
4189,34,BLOG,32,3/24/2024,5,11,1534-238
80,15,video,8,1/4/2025,19,12,1535-243
3406,34,socialmedia,46,3/1/2024,17,15,1538-377
2539,1,video,6,4/20/2025,17,10,1540-104
1542,28,Blog,19,3/7/2025,6,1,1541-175
2137,33,blog,3,5/4/2024,20,11,154-13
3134,2,newsletter,9,4/11/2025,9,9,1543-161
3755,17,Socialmedia,8,7/7/2024,7,11,154-36
3929,24,BLOG,44,11/21/2023,18,7,1544-175
3868,30,BLOG,7,3/29/2023,15,8,154-59
2425,47,Socialmedia,163,4/9/2023,10,1,1546-658
1325,25,SOCIALMEDIA,0,12/23/2025,7,4,154-7
1397,9,socialmedia,13,3/27/2025,1,17,1547-156
2613,24,Blog,49,6/25/2024,15,16,1547-348
2443,37,newsletter,105,5/6/2024,13,3,1547-395
2366,36,Socialmedia,12,3/12/2025,11,19,1548-101
389,42,Socialmedia,46,5/24/2024,4,1,1548-309
1380,5,SOCIALMEDIA,35,2/20/2024,15,3,1550-278
925,4,blog,13,12/15/2024,6,19,1552-160
2502,41,NEWSLETTER,60,6/22/2023,7,18,1553-167
3142,8,blog,12,1/2/2025,20,20,1554-90
2533,6,blog,9,5/16/2025,17,19,1555-94
3154,26,video,17,2/12/2025,1,9,1556-134
192,41,SOCIALMEDIA,54,9/24/2024,10,12,1556-312
1915,17,Blog,167,5/4/2023,6,10,1556-465
1725,13,video,119,9/9/2023,13,13,1557-401
2336,40,socialmedia,16,3/15/2025,16,2,1558-169
491,49,Newsletter,103,4/4/2023,20,15,1560-297
4005,36,VIDEO,2,7/7/2025,8,16,1561-37
1111,14,NEWSLETTER,9,12/22/2024,1,8,1562-194
4249,38,Socialmedia,50,5/16/2024,5,1,1562-344
1583,30,Video,141,5/28/2023,3,1,1564-518
3883,38,Socialmedia,0,3/20/2025,1,18,156-7
2610,7,Blog,5,5/13/2025,7,7,1569-53
645,1,Socialmedia,11,11/20/2023,6,20,157-42
1838,42,Blog,0,11/16/2025,20,1,157-6
86,37,BLOG,5,4/6/2025,3,7,1576-45
3850,7,socialmedia,5,6/5/2025,20,15,1577-66
1539,16,newsletter,0,10/15/2025,7,16,158-3
3948,5,Socialmedia,0,7/29/2025,13,7,158-3
981,42,NEWSLETTER,14,2/22/2025,7,5,1584-164
3453,10,newsletter,27,1/31/2025,1,11,1585-188
3928,25,newsletter,0,9/10/2025,17,20,158-6
1001,42,BLOG,52,2/3/2023,2,17,1590-437
3395,24,SOCIALMEDIA,13,7/9/2024,12,10,1590-92
1367,34,BLOG,1,8/4/2024,1,11,159-13
4273,29,NEWSLETTER,1,5/16/2025,4,17,159-13
2672,3,video,1,9/25/2024,15,20,159-15
4445,39,Video,12,12/13/2024,10,15,1592-127
4571,27,VIDEO,2,6/30/2025,8,15,1592-43
3003,49,SOCIALMEDIA,4,7/4/2025,7,9,1593-61
1551,9,VIDEO,2,2/18/2024,12,11,159-44
1253,20,Video,7,6/12/2025,15,2,1594-96
3397,13,socialmedia,3,6/26/2025,5,10,1595-126
3467,5,newsletter,38,12/1/2024,11,6,1595-256
213,9,Newsletter,24,2/1/2023,16,3,159-53
483,47,newsletter,7,12/14/2024,14,7,1597-101
3724,23,Video,61,4/8/2024,19,9,1597-322
563,7,Video,1,6/13/2025,16,16,1598-68
3378,8,NEWSLETTER,49,5/7/2024,3,13,1599-219
1012,10,Blog,73,10/12/2023,1,6,1599-526
3557,4,blog,23,1/23/2025,15,10,1600-156
3779,23,newsletter,75,2/18/2023,17,16,1600-245
3293,33,video,0,3/17/2025,3,9,160-15
4418,50,blog,11,5/28/2025,15,12,1602-129
2500,18,Socialmedia,76,4/10/2024,13,17,1602-429
4239,27,Newsletter,18,2/27/2025,12,16,1603-160
779,39,BLOG,185,10/15/2023,17,8,1604-552
4015,30,Video,10,12/15/2023,18,11,1605-121
3458,4,Socialmedia,21,2/2/2025,9,2,1605-187
2618,26,video,7,4/8/2025,19,19,1608-184
3336,31,socialmedia,144,12/31/2023,17,8,1608-505
1632,34,newsletter,3,7/5/2025,7,4,1608-61
4621,10,video,78,5/24/2023,20,7,1609-599
3361,15,blog,0,7/29/2025,16,14,161-10
725,46,video,10,9/13/2024,16,10,1615-164
307,29,Blog,31,12/4/2024,10,11,1616-190
52,41,Blog,3,4/22/2025,3,15,1617-70
999,41,Blog,12,3/3/2025,10,5,1618-146
3831,43,SOCIALMEDIA,5,5/21/2025,18,10,1618-151
649,5,blog,98,8/11/2023,13,17,1618-608
336,50,video,41,10/2/2024,11,4,1619-249
1848,47,video,6,1/4/2025,2,11,1619-68
1564,25,NEWSLETTER,16,5/6/2024,5,14,1620-119
2653,29,Socialmedia,2,4/2/2025,16,12,1620-55
3665,1,video,213,8/17/2023,7,1,1620-599
1660,43,video,17,2/27/2025,15,8,1621-137
3288,7,socialmedia,19,3/2/2025,11,9,1622-189
2900,9,Socialmedia,2,5/12/2025,18,17,1622-91
3252,34,blog,9,5/24/2025,1,18,1624-150
1171,10,video,9,6/13/2025,8,9,1625-120
224,11,blog,4,6/18/2025,7,4,1625-62
2250,16,Newsletter,0,10/30/2025,11,17,162-6
2757,32,Newsletter,9,3/26/2025,15,1,1626-186
3595,23,video,2,5/18/2025,7,3,1626-88
1906,25,SOCIALMEDIA,11,3/20/2025,1,15,1627-185
2182,4,newsletter,57,10/23/2023,17,7,1627-573
3744,31,Newsletter,26,11/9/2024,15,19,1628-178
3525,36,Newsletter,26,12/25/2023,4,7,1628-382
259,41,Newsletter,29,7/20/2024,1,17,1629-388
139,48,Socialmedia,51,1/20/2024,11,12,1629-404
2372,31,Blog,13,11/19/2024,2,10,1630-114
2750,33,socialmedia,0,9/4/2025,10,7,163-2
3398,39,Socialmedia,1,1/22/2024,8,9,163-22
2239,17,blog,0,9/15/2025,4,5,163-3
2918,12,SOCIALMEDIA,0,5/3/2025,8,20,163-3
4558,22,newsletter,0,10/4/2025,10,7,163-4
1796,4,BLOG,27,8/23/2024,6,5,1638-328
2023,21,video,5,2/27/2025,12,19,1638-61
3158,25,Socialmedia,0,12/19/2025,8,5,164-1
3757,9,Video,20,1/14/2025,7,9,1643-147
2433,20,Newsletter,27,3/30/2024,1,6,1644-122
3499,47,Socialmedia,29,4/24/2024,18,19,1644-348
1375,28,Socialmedia,9,3/10/2025,7,17,1644-99
935,9,Blog,53,8/5/2024,5,13,1645-382
3037,38,Socialmedia,5,5/30/2025,19,4,1645-93
265,10,SOCIALMEDIA,5,7/24/2023,1,5,164-64
3254,1,Video,3,3/20/2025,8,4,1646-55
2387,23,BLOG,23,6/23/2024,10,16,1648-137
48,19,Video,15,1/26/2025,17,8,1648-163
2677,31,Socialmedia,16,5/29/2024,17,5,1648-253
2340,34,socialmedia,137,6/19/2023,12,12,1648-476
1430,33,VIDEO,19,12/7/2024,4,13,1649-131
2088,45,blog,21,12/26/2024,16,6,1649-172
908,41,Newsletter,4,2/14/2025,11,13,1649-51
1979,1,socialmedia,221,6/2/2023,18,14,1649-567
393,38,Socialmedia,4,6/28/2025,5,4,1649-89
993,34,NEWSLETTER,2,6/14/2025,14,14,1652-91
28,29,Socialmedia,7,12/22/2023,2,16,165-48
361,35,VIDEO,26,6/24/2023,15,13,1656-164
1103,37,Blog,1,6/27/2025,6,18,1656-56
156,24,socialmedia,26,1/18/2024,19,4,1657-164
2976,30,Video,27,8/30/2024,9,8,1657-173
4309,2,NEWSLETTER,0,2/14/2025,8,8,165-9
1420,24,Blog,10,1/27/2025,9,13,1660-247
695,23,newsletter,5,4/16/2025,9,12,1662-100
145,26,Newsletter,14,4/12/2025,15,11,1662-123
1573,26,SOCIALMEDIA,9,5/23/2024,3,13,166-40
3961,19,blog,3,5/30/2025,15,20,1665-57
2027,4,Socialmedia,5,5/15/2025,20,9,1665-89
2642,18,Newsletter,19,8/26/2024,5,14,1666-244
2795,18,Socialmedia,224,3/5/2023,16,10,1666-716
3426,49,Blog,5,4/25/2025,16,12,1667-163
2982,33,video,51,1/5/2024,13,13,1667-352
3327,6,socialmedia,6,8/19/2024,20,13,1668-118
2338,25,Video,27,10/14/2024,4,2,1668-156
671,27,Newsletter,53,7/25/2024,2,5,1669-263
2139,44,blog,8,3/30/2025,9,5,1669-91
1621,10,Newsletter,8,1/19/2025,1,5,1670-110
2381,18,Socialmedia,13,11/14/2024,20,5,1670-185
221,24,Newsletter,51,3/9/2024,6,20,1671-199
166,30,Newsletter,37,10/15/2023,13,5,1671-280
77,26,Socialmedia,143,8/27/2023,20,18,1671-482
303,32,BLOG,0,8/9/2025,17,1,167-2
3684,33,Blog,10,2/26/2025,12,11,1673-157
3123,24,VIDEO,110,5/11/2023,8,18,1673-409
3606,40,NEWSLETTER,38,10/17/2024,11,7,1674-259
120,33,VIDEO,164,9/14/2023,1,7,1674-486
2059,2,newsletter,23,1/27/2025,4,11,1677-187
1181,13,BLOG,19,11/1/2024,7,12,1677-202
3296,48,Socialmedia,1,9/12/2024,13,15,167-8
3681,11,SOCIALMEDIA,22,12/23/2023,18,5,1678-193
1075,37,Newsletter,22,12/28/2023,9,6,1678-199
3110,42,BLOG,61,1/12/2024,2,11,1678-220
3858,39,video,8,2/21/2025,13,10,1679-162
341,14,socialmedia,7,1/6/2025,10,9,1679-174
2201,35,SOCIALMEDIA,4,5/22/2025,7,16,1681-104
4091,29,SOCIALMEDIA,29,2/13/2024,20,8,1681-144
3162,18,BLOG,4,2/8/2023,8,9,168-24
879,8,Newsletter,25,11/3/2024,15,9,1683-279
291,34,Newsletter,47,8/29/2024,18,12,1683-321
4317,31,Socialmedia,29,5/29/2024,8,17,1683-396
4216,11,newsletter,19,2/17/2025,3,1,1684-203
3671,21,video,16,6/11/2023,15,19,168-49
2166,21,Newsletter,0,10/20/2025,1,3,168-5
3001,4,NEWSLETTER,18,1/15/2025,1,16,1685-142
184,27,blog,0,8/31/2025,13,15,168-6
2867,23,blog,26,9/7/2024,17,16,1686-219
2661,14,Newsletter,25,11/18/2023,2,10,1689-238
953,49,Socialmedia,4,11/24/2024,14,3,169-24
1739,44,video,52,5/13/2024,11,1,1693-235
442,37,Newsletter,4,4/28/2025,14,6,1693-89
920,21,Video,3,10/10/2023,4,20,169-40
3189,28,Newsletter,2,5/1/2025,4,17,1694-76
4387,44,socialmedia,0,9/27/2025,10,5,169-6
644,3,video,29,2/24/2024,8,1,1698-188
2698,27,Blog,66,4/17/2024,18,10,1698-309
1784,22,blog,8,4/25/2025,1,7,1699-130
2852,38,Video,1,6/23/2025,4,11,1699-35
3723,45,socialmedia,105,10/20/2023,19,12,1699-525
1765,27,Blog,12,1/1/2025,4,16,1701-146
454,9,Blog,46,12/1/2023,4,8,1701-528
2301,44,Blog,33,1/9/2024,8,13,1702-309
1478,33,blog,161,4/23/2023,2,8,1702-693
4406,24,Socialmedia,7,3/18/2025,19,12,1702-92
3579,40,Video,47,4/5/2024,9,13,1703-226
3465,3,Newsletter,4,8/14/2024,4,16,170-36
2524,8,NEWSLETTER,19,4/1/2025,5,20,1704-209
708,21,blog,0,8/5/2025,2,16,170-5
448,25,socialmedia,4,6/17/2025,7,5,1705-130
1064,30,Video,7,11/17/2024,12,20,1705-153
3085,21,Socialmedia,4,6/12/2025,12,15,1705-77
2130,34,Blog,5,1/29/2025,15,12,1706-69
2819,27,newsletter,22,2/20/2025,4,7,1707-173
2379,8,Newsletter,188,5/13/2023,13,17,1707-557
1159,15,socialmedia,38,2/23/2023,12,13,1708-282
1415,46,NEWSLETTER,37,8/30/2024,10,6,1710-315
2739,8,Newsletter,8,12/12/2024,9,3,1710-62
469,23,socialmedia,2,10/23/2024,9,4,171-17
4040,45,Video,0,9/28/2025,11,20,171-2
293,35,Socialmedia,91,7/4/2024,13,5,1712-395
3493,11,Socialmedia,2,5/20/2025,13,5,1713-51
262,32,Blog,0,7/7/2025,10,6,171-6
4057,36,Newsletter,0,5/21/2025,9,16,171-7
1675,40,Socialmedia,9,5/29/2025,15,3,1717-102
2875,26,video,8,5/30/2025,18,20,1717-92
49,41,Newsletter,0,7/13/2025,19,3,171-8
4564,9,Blog,7,1/19/2025,3,3,1720-110
3530,28,Blog,91,12/11/2023,15,14,1721-400
1816,1,Socialmedia,147,2/3/2023,19,13,1722-811
2508,2,NEWSLETTER,16,6/20/2023,19,17,172-40
4289,11,Video,16,4/20/2025,19,8,1725-143
2606,32,blog,88,4/11/2024,2,8,1725-435
4034,36,Video,0,11/20/2025,16,6,172-6
2785,36,NEWSLETTER,4,4/8/2025,7,5,1727-89
3846,5,blog,17,12/20/2024,6,4,1728-246
587,46,blog,25,3/1/2025,18,16,1729-233
4061,4,Socialmedia,4,4/30/2025,8,9,1729-64
2440,12,Socialmedia,4,5/25/2025,17,4,1730-55
4331,41,Blog,4,11/17/2024,17,20,1730-85
3015,29,Video,10,12/29/2024,16,13,1730-94
1501,13,Newsletter,4,3/6/2025,17,10,1731-103
841,37,Blog,10,11/20/2024,8,20,1733-92
498,2,Socialmedia,125,4/6/2024,4,18,1734-452
3478,19,SOCIALMEDIA,0,9/13/2025,3,18,173-6
2238,45,socialmedia,5,7/29/2023,14,3,173-63
763,14,socialmedia,4,6/21/2025,4,19,1739-61
1828,6,socialmedia,5,6/9/2025,14,14,1739-68
1549,41,blog,14,10/7/2024,7,8,1741-115
2120,21,Video,1,5/10/2025,11,13,174-18
279,50,newsletter,13,9/13/2024,3,3,1741-86
1216,22,Newsletter,20,1/21/2024,14,7,1742-170
3045,32,Socialmedia,42,9/30/2024,11,1,1742-266
26,31,Video,2,6/4/2025,20,20,1742-71
3143,14,VIDEO,5,7/7/2023,14,14,174-64
1855,9,BLOG,129,2/17/2023,6,6,1746-523
2330,44,Socialmedia,47,11/28/2024,11,11,1747-264
3424,12,Blog,22,3/25/2024,3,19,1748-366
1626,43,video,21,3/30/2025,10,14,1749-213
3800,13,Socialmedia,81,6/15/2024,4,4,1751-399
440,9,BLOG,3,4/22/2024,5,20,175-18
2131,14,SOCIALMEDIA,11,6/22/2024,8,1,1753-113
1602,40,Newsletter,0,12/7/2025,2,9,175-4
199,6,Socialmedia,4,4/28/2025,1,5,1754-63
3548,35,Newsletter,12,8/17/2024,14,2,1756-139
1952,33,Video,56,4/17/2024,9,8,1756-487
346,1,SOCIALMEDIA,20,8/21/2024,2,20,1758-182
3355,48,Newsletter,25,9/23/2024,8,7,1760-242
3889,29,SOCIALMEDIA,11,3/15/2025,15,11,1760-87
4308,35,Socialmedia,19,11/5/2024,6,7,1763-195
1752,37,Newsletter,46,12/16/2023,10,7,1765-373
1710,6,newsletter,17,4/30/2025,20,10,1769-180
3709,6,video,4,6/4/2025,2,2,1769-91
396,30,blog,30,11/25/2024,14,14,1770-194
3164,40,Blog,4,5/6/2025,6,15,1770-79
1733,23,blog,7,9/13/2024,17,3,1770-87
2470,34,newsletter,1,4/19/2025,16,4,177-10
684,9,Socialmedia,12,11/25/2024,4,5,1772-207
2927,33,socialmedia,37,12/11/2024,13,5,1772-292
2499,39,Newsletter,149,8/8/2023,15,12,1772-508
432,32,newsletter,4,1/17/2025,9,12,1773-111
4504,36,VIDEO,47,7/6/2024,8,12,1774-389
1948,29,socialmedia,10,8/24/2024,1,4,1781-115
3848,16,BLOG,4,5/1/2025,5,19,1781-51
1829,14,BLOG,2,8/31/2024,7,18,178-22
1538,12,Socialmedia,12,12/9/2024,8,11,1783-118
2724,2,Blog,16,1/3/2025,12,10,1784-163
4376,31,newsletter,38,9/13/2024,19,20,1786-307
3804,3,blog,30,8/31/2024,3,12,1787-387
726,10,video,39,6/24/2024,3,19,1788-247
36,29,NEWSLETTER,6,6/11/2025,9,19,1788-75
2496,14,blog,17,2/23/2025,19,3,1791-130
2133,21,Newsletter,16,5/3/2025,10,11,1793-196
1167,5,BLOG,14,7/12/2024,3,18,1793-91
1572,38,Socialmedia,124,8/26/2023,1,17,1794-416
687,31,Video,0,10/8/2025,4,7,179-6
13,14,video,12,2/4/2025,12,18,1796-136
1958,27,Newsletter,7,4/14/2025,16,9,1798-89
204,15,NEWSLETTER,6,12/4/2024,11,7,1799-160
2477,34,SOCIALMEDIA,6,5/4/2025,2,16,1799-179
1769,4,VIDEO,3,2/15/2025,17,18,1799-94
527,2,socialmedia,0,9/23/2025,15,13,18-0
553,6,Blog,16,12/19/2024,19,19,1800-251
2752,12,Video,20,7/4/2024,9,16,1801-159
806,35,SOCIALMEDIA,6,5/31/2025,9,1,1801-66
1278,33,Newsletter,18,1/12/2024,16,14,1802-236
3790,21,newsletter,5,4/12/2025,9,19,1804-105
3482,29,Video,4,5/11/2025,11,17,1804-64
2125,32,video,23,3/24/2024,18,19,1806-236
3999,31,Socialmedia,3,1/16/2025,9,7,1807-66
2786,44,Socialmedia,19,3/25/2025,5,5,1808-169
2623,6,video,93,6/8/2024,18,10,1809-378
4583,14,BLOG,24,11/19/2023,2,13,1810-265
3227,36,Socialmedia,65,3/27/2024,20,8,1810-312
4439,36,newsletter,15,12/15/2024,16,3,1810-92
797,34,blog,3,5/28/2025,17,2,1811-149
1008,46,Newsletter,0,12/9/2025,19,5,181-3
2553,10,blog,5,5/22/2025,12,1,1813-52
3280,24,newsletter,0,5/17/2025,20,16,181-5
400,37,Blog,34,8/30/2024,6,2,1815-324
3292,49,NEWSLETTER,5,4/11/2025,4,10,1815-75
2317,28,video,25,9/26/2024,20,7,1816-282
4578,2,VIDEO,41,4/24/2023,9,7,1817-222
3245,4,Newsletter,26,3/18/2024,14,19,1821-425
4375,40,socialmedia,0,10/25/2025,2,3,182-2
2426,48,SOCIALMEDIA,25,12/23/2024,16,2,1822-232
3531,11,socialmedia,0,12/20/2025,18,14,182-7
4545,29,VIDEO,13,4/2/2024,3,4,1828-120
2555,30,Socialmedia,2,9/23/2024,11,5,183-14
1392,28,blog,29,12/2/2024,3,16,1832-300
1558,37,newsletter,0,8/8/2025,5,8,183-3
323,11,NEWSLETTER,6,5/7/2025,15,6,1833-197
2968,19,SOCIALMEDIA,32,11/21/2024,19,9,1833-257
1927,44,Blog,33,6/28/2024,9,5,1833-274
549,41,Blog,18,2/7/2025,15,13,1835-158
3451,34,blog,153,3/7/2024,19,10,1835-546
2162,37,blog,29,9/2/2024,17,4,1837-142
2367,34,blog,12,9/9/2024,8,15,1838-171
3730,44,socialmedia,8,6/5/2025,3,5,1840-125
3005,9,Blog,89,2/22/2024,3,6,1840-331
2792,29,blog,17,4/7/2025,9,6,1841-200
826,11,socialmedia,52,2/16/2024,13,13,1843-179
4408,13,NEWSLETTER,8,4/17/2025,9,19,1844-151
4490,1,video,111,3/12/2024,13,7,1845-451
1720,19,socialmedia,13,8/17/2024,7,20,1846-158
2536,40,BLOG,0,11/21/2025,12,15,184-7
4126,39,newsletter,63,4/3/2024,20,20,1847-294
2810,17,Socialmedia,30,1/19/2023,4,18,184-75
3707,24,socialmedia,20,11/1/2024,19,15,1848-339
2114,49,BLOG,0,8/31/2025,11,2,184-9
2622,35,Blog,8,3/9/2025,12,3,1851-202
2856,23,BLOG,61,8/4/2024,2,12,1851-319
2358,41,Newsletter,24,5/5/2024,10,3,1853-207
452,38,VIDEO,15,1/3/2025,5,14,1853-259
2016,39,video,11,6/6/2025,13,16,1855-142
1226,50,video,0,10/4/2025,15,13,185-6
1678,25,NEWSLETTER,10,4/8/2025,20,17,1857-210
236,27,NEWSLETTER,78,1/15/2024,16,13,1857-324
1682,3,Socialmedia,86,7/27/2023,4,3,1860-361
4488,40,Newsletter,0,10/1/2025,9,1,186-1
1593,5,Video,2,5/28/2025,12,2,1861-88
561,34,socialmedia,166,7/13/2023,3,1,1862-468
2928,33,BLOG,5,3/16/2025,3,20,1863-95
1424,14,SOCIALMEDIA,48,9/14/2024,17,6,1868-239
3731,4,Video,1,3/21/2025,7,8,186-9
3819,26,BLOG,59,3/9/2024,19,17,1870-221
3136,40,Newsletter,143,5/13/2023,3,3,1870-761
2638,5,Blog,22,1/28/2025,1,14,1871-169
978,26,video,61,7/13/2024,14,2,1871-293
2062,17,blog,19,1/22/2025,11,18,1874-233
727,30,Socialmedia,57,10/14/2024,19,13,1874-360
3886,46,video,34,2/2/2023,17,13,187-79
2614,15,Blog,3,2/20/2025,14,20,1879-72
3013,2,Newsletter,3,11/10/2024,14,17,1879-73
1634,16,Socialmedia,21,2/24/2025,11,6,1880-261
1893,42,SOCIALMEDIA,48,8/5/2024,8,20,1880-333
1548,35,Video,11,11/26/2024,9,5,1881-136
2818,38,Newsletter,3,10/13/2024,19,3,188-21
1,39,Blog,190,8/30/2023,1,9,1883-671
2686,6,VIDEO,31,6/25/2024,4,6,1885-238
2362,14,socialmedia,11,1/27/2025,12,10,1886-80
1688,41,SOCIALMEDIA,33,8/27/2023,15,17,1889-173
1030,50,video,24,10/23/2024,14,17,1890-140
2958,22,socialmedia,14,5/18/2024,15,18,1890-258
3866,31,video,8,6/15/2024,7,14,1891-107
2146,48,Blog,20,6/6/2024,18,12,1892-189
2558,46,Video,6,3/7/2025,3,6,1892-208
3900,44,Socialmedia,55,7/13/2024,14,15,1892-247
4135,3,newsletter,36,9/15/2024,9,3,1892-313
1000,49,Blog,0,12/31/2025,7,16,189-3
3062,9,blog,7,6/21/2024,20,16,1893-113
3418,4,NEWSLETTER,14,12/30/2024,18,4,1893-146
514,26,newsletter,14,3/18/2025,18,19,1896-185
680,35,socialmedia,27,7/1/2024,19,12,1897-125
2113,35,Video,8,3/21/2025,11,10,1898-160
3879,14,VIDEO,0,10/23/2025,14,7,19-0
4076,20,Blog,0,12/29/2025,4,13,19-0
1755,23,Blog,60,11/25/2023,15,11,1901-209
2637,13,Newsletter,21,4/11/2025,19,17,1902-212
308,40,video,25,3/15/2024,17,13,1902-365
880,24,VIDEO,202,3/24/2023,4,17,1902-654
4459,24,Socialmedia,5,7/3/2024,5,1,190-29
1854,23,blog,7,11/24/2024,7,19,1904-164
3,16,video,32,12/8/2023,7,14,1905-204
1520,26,Blog,1,3/12/2025,15,6,1905-53
3794,30,video,12,9/19/2024,18,14,1906-90
244,8,newsletter,22,2/3/2025,11,18,1907-282
4319,19,Socialmedia,76,10/31/2023,14,19,1910-376
3056,37,Blog,0,12/28/2025,4,17,191-2
4339,5,socialmedia,63,1/11/2024,14,20,1912-386
118,39,blog,0,12/4/2025,17,7,191-3
234,23,blog,7,3/13/2024,11,7,191-41
337,5,Video,75,5/5/2024,15,5,1915-382
3571,18,socialmedia,0,12/15/2025,15,17,191-7
370,45,socialmedia,13,8/12/2024,7,14,1918-118
4083,31,Newsletter,14,10/19/2024,15,4,1919-248
2038,9,Newsletter,59,10/1/2023,2,7,1919-384
2836,28,Socialmedia,5,12/14/2024,8,2,1920-154
260,7,Video,14,4/8/2025,15,13,1920-177
733,5,BLOG,0,2/11/2025,16,3,192-16
942,20,Video,1,10/17/2024,16,2,192-21
4563,5,Newsletter,6,3/20/2025,2,1,1922-50
415,35,blog,6,5/30/2025,15,16,1922-94
3966,20,newsletter,251,8/28/2023,18,4,1923-751
1717,1,Socialmedia,7,3/1/2025,13,19,1924-136
3256,48,BLOG,13,3/22/2025,7,1,1924-247
1449,37,Socialmedia,12,10/23/2023,18,7,192-46
3826,7,Newsletter,16,10/12/2024,12,20,1926-116
3034,28,VIDEO,28,10/1/2024,12,17,1927-216
3332,32,Socialmedia,39,12/23/2023,15,13,1928-144
2243,37,video,66,9/23/2024,18,3,1930-396
1937,14,Blog,0,10/16/2025,5,5,193-3
83,48,video,14,2/20/2025,9,2,1933-158
3864,42,Video,17,12/30/2023,17,19,1933-185
845,42,Blog,52,5/13/2024,9,2,1933-482
2310,24,video,13,2/27/2025,12,9,1934-167
912,40,socialmedia,12,10/16/2024,5,16,1936-281
2343,19,socialmedia,13,11/16/2024,11,1,1936-76
3109,49,blog,5,5/23/2025,3,1,1937-117
1587,44,Blog,16,2/23/2025,18,2,1938-183
2248,31,blog,48,10/1/2023,18,19,1939-162
1153,19,Video,0,8/18/2025,17,4,194-10
249,47,VIDEO,0,6/21/2025,10,11,194-12
4114,11,newsletter,0,10/21/2025,20,13,194-2
379,19,Video,66,3/15/2024,10,18,1942-392
4112,37,socialmedia,38,6/21/2024,12,20,1942-449
111,34,blog,10,5/18/2025,7,8,1942-99
4435,22,blog,8,2/24/2025,12,8,1946-99
4423,27,video,4,5/20/2025,4,16,1949-107
2964,43,Blog,28,8/23/2024,7,13,1951-189
503,39,Socialmedia,202,9/24/2023,4,18,1951-574
4428,5,newsletter,22,4/21/2025,3,15,1952-218
1010,35,SOCIALMEDIA,26,11/4/2024,8,18,1953-147
4498,32,VIDEO,245,4/4/2023,13,10,1954-755
1743,38,socialmedia,32,2/16/2024,12,20,1955-183
2279,7,Video,8,5/22/2025,14,14,1956-108
3741,46,Socialmedia,20,5/28/2024,15,18,1956-291
3778,14,Video,80,8/22/2023,1,12,1957-241
2462,40,newsletter,31,1/30/2023,12,20,1957-304
1037,26,VIDEO,40,2/22/2024,20,13,1957-462
813,43,Blog,8,6/13/2023,10,3,195-78
2829,33,socialmedia,0,8/25/2025,11,20,196-11
2404,39,newsletter,5,4/20/2025,20,11,1961-86
2394,5,SOCIALMEDIA,0,12/27/2025,16,11,196-4
3682,3,blog,17,2/12/2025,5,17,1964-239
3193,49,Video,13,3/23/2025,4,3,1965-119
4003,24,Socialmedia,4,8/19/2023,13,18,196-58
168,36,SOCIALMEDIA,21,5/14/2025,15,14,1969-201
2461,6,Newsletter,100,4/7/2024,6,20,1970-551
485,35,VIDEO,335,5/1/2023,18,20,1970-817
3733,48,SOCIALMEDIA,4,4/15/2025,5,5,1971-155
3890,4,Newsletter,11,2/22/2025,12,8,1971-88
2604,13,SOCIALMEDIA,4,12/21/2024,8,20,1972-127
1122,35,Blog,25,10/19/2024,17,2,1972-334
1150,13,blog,34,7/25/2024,8,18,1973-440
3356,28,blog,57,5/10/2024,12,5,1974-280
3749,2,Blog,65,1/30/2024,20,15,1974-398
317,42,SOCIALMEDIA,94,7/16/2023,16,10,1974-785
2117,37,Newsletter,18,6/29/2024,6,5,1977-271
3542,34,Socialmedia,2,5/11/2025,16,1,1979-65
812,22,Newsletter,12,3/19/2025,17,7,1980-115
2010,39,Socialmedia,5,2/14/2025,4,4,1981-66
2917,32,video,0,11/18/2025,20,11,198-2
758,42,blog,32,12/4/2024,16,3,1984-311
272,50,Video,0,10/25/2025,8,15,198-8
1982,15,VIDEO,30,1/18/2025,20,4,1988-291
3495,16,SOCIALMEDIA,0,8/17/2025,12,17,198-9
2235,19,SOCIALMEDIA,5,5/6/2025,1,14,1989-214
1975,46,socialmedia,18,7/10/2024,13,10,1990-102
2037,16,Blog,306,4/27/2023,9,9,1991-784
206,14,blog,7,4/6/2025,9,20,1992-109
630,25,Video,26,12/16/2024,9,1,1993-198
2954,47,BLOG,55,9/10/2024,13,12,1996-284
2683,21,socialmedia,16,11/2/2024,10,5,1997-317
109,25,BLOG,81,8/7/2024,20,4,1998-458
3039,29,Video,0,4/26/2025,3,19,199-9
338,41,Blog,23,1/1/2025,5,1,2000-198
4606,39,NEWSLETTER,33,1/3/2025,11,17,2000-259
2718,40,Blog,305,3/3/2023,18,13,2000-813
4540,50,VIDEO,54,11/25/2024,3,2,2002-320
1655,25,Socialmedia,0,10/18/2025,12,12,200-4
1511,44,Blog,9,4/19/2025,20,14,2009-125
188,18,blog,2,4/19/2025,20,7,2009-53
4139,24,BLOG,29,1/28/2025,8,11,2010-207
2168,41,Socialmedia,47,10/21/2024,19,2,2010-376
4199,20,BLOG,61,12/18/2023,15,11,2011-255
1209,22,video,92,11/3/2023,11,9,2015-364
1425,21,Video,5,1/27/2025,10,2,2016-117
1074,26,Socialmedia,13,9/16/2024,11,2,2016-119
876,24,newsletter,321,2/24/2023,2,13,2016-693
363,39,video,97,4/17/2024,20,1,2018-441
794,18,socialmedia,0,5/12/2025,3,12,201-9
2529,8,Newsletter,20,4/17/2025,7,2,2019-221
3508,47,VIDEO,238,2/24/2023,8,19,2020-812
982,16,video,49,9/1/2024,5,18,2021-335
4536,50,video,9,2/3/2025,17,10,2021-70
2938,38,blog,4,3/11/2025,16,16,2024-79
3659,17,socialmedia,9,1/10/2025,6,8,2027-191
4352,35,BLOG,11,2/1/2025,5,2,2027-94
2705,43,newsletter,0,11/24/2025,19,7,202-8
2937,35,newsletter,0,2/1/2025,19,10,202-8
3402,42,Socialmedia,24,2/7/2025,6,12,2028-170
2270,4,socialmedia,22,9/26/2024,14,18,2028-350
3534,21,Video,11,12/11/2024,12,11,2030-157
1133,15,Socialmedia,21,2/17/2024,8,7,2030-198
1277,13,blog,2,5/9/2025,12,16,2031-113
4600,18,VIDEO,109,3/7/2024,14,8,2033-431
2997,27,video,6,6/4/2024,14,9,203-36
2073,27,Video,53,3/10/2024,16,1,2036-363
4220,19,BLOG,5,3/6/2025,19,19,2037-63
1706,37,VIDEO,0,12/23/2025,4,14,203-9
4372,45,newsletter,33,5/3/2023,5,11,2041-195
4120,22,Blog,12,8/10/2024,12,12,2041-198
2297,25,Blog,24,12/4/2024,3,14,2041-293
4108,15,NEWSLETTER,63,9/11/2024,11,17,2041-356
4346,3,Video,10,1/24/2025,19,8,2041-66
1990,32,socialmedia,0,9/24/2025,4,4,204-3
2123,28,newsletter,30,10/18/2024,19,1,2043-178
3076,10,Socialmedia,107,1/18/2024,20,9,2043-484
622,7,Newsletter,16,10/3/2024,2,14,2044-105
263,3,Newsletter,11,4/23/2025,20,8,2044-132
2993,12,Newsletter,50,9/17/2024,4,12,2044-338
461,32,Newsletter,8,5/20/2024,19,15,204-44
1188,20,NEWSLETTER,85,6/12/2024,14,7,2044-457
2417,29,Socialmedia,219,7/8/2023,7,4,2044-667
788,33,VIDEO,0,11/4/2025,7,5,204-7
1383,25,newsletter,5,4/12/2025,16,18,2047-192
479,31,Socialmedia,34,10/6/2024,17,19,2049-331
487,21,Video,22,3/19/2025,1,7,2050-203
997,17,Socialmedia,22,2/14/2025,11,2,2050-207
1772,29,socialmedia,22,8/10/2024,20,6,2050-269
811,41,socialmedia,1,3/16/2025,12,2,205-14
2459,10,Socialmedia,179,7/8/2023,12,10,2052-646
3381,33,Newsletter,22,11/29/2024,8,10,2055-183
4404,43,BLOG,6,5/10/2025,7,3,2055-196
1859,16,Socialmedia,0,8/28/2025,2,4,205-6
4144,37,Blog,8,5/14/2025,20,10,2056-128
403,22,VIDEO,18,8/18/2024,18,11,2059-119
3906,26,SOCIALMEDIA,20,11/7/2024,17,14,2059-135
1576,2,newsletter,230,3/16/2023,15,11,2059-688
463,28,NEWSLETTER,7,12/4/2024,13,13,2060-143
4577,49,newsletter,5,4/7/2025,17,12,2062-156
1526,4,Newsletter,42,12/28/2024,10,4,2063-308
3861,16,VIDEO,180,7/30/2023,8,8,2063-542
3393,49,Video,136,5/3/2024,11,13,2063-557
3909,39,SOCIALMEDIA,49,7/9/2024,19,9,2066-263
480,21,socialmedia,85,9/20/2023,15,2,2066-387
4572,17,video,123,6/2/2023,18,3,2067-342
751,2,socialmedia,6,2/28/2025,16,1,2069-102
2110,25,Blog,20,2/3/2025,8,5,2071-269
1647,31,SOCIALMEDIA,47,7/3/2024,3,16,2071-279
3400,36,Socialmedia,43,9/23/2024,18,3,2072-304
1936,32,blog,10,2/14/2025,5,7,2073-126
4296,20,Socialmedia,6,4/17/2025,18,20,2073-62
1940,38,Video,0,11/17/2025,6,7,207-4
2680,12,Blog,30,11/18/2024,16,2,2076-278
2756,7,socialmedia,75,1/22/2024,10,2,2076-298
2205,3,blog,13,1/11/2025,17,7,2077-117
1713,38,Newsletter,23,12/12/2024,13,12,2078-136
3976,6,newsletter,29,3/7/2024,13,11,2079-211
4413,30,socialmedia,16,2/6/2025,3,8,2080-223
904,41,blog,106,5/9/2023,4,2,2080-324
1724,42,Video,169,10/28/2023,14,17,2080-467
4229,49,Video,58,1/28/2024,15,12,2080-561
130,5,SOCIALMEDIA,120,2/5/2024,11,1,2081-406
2389,26,Socialmedia,24,2/22/2024,3,10,2083-172
4122,32,video,14,4/4/2024,10,19,2085-219
126,34,blog,19,4/27/2025,20,4,2086-218
510,40,BLOG,11,1/26/2025,1,13,2088-132
1491,17,SOCIALMEDIA,103,9/8/2023,10,3,2088-475
3992,3,Video,14,12/10/2024,6,12,2089-273
1431,20,Video,24,12/27/2024,2,16,2089-286
883,11,newsletter,8,5/1/2025,4,8,2093-117
3463,4,blog,41,7/18/2024,4,4,2094-405
1024,38,Video,25,2/7/2025,14,4,2096-175
425,26,Socialmedia,17,11/5/2024,20,8,2097-102
4157,4,Socialmedia,3,4/9/2025,19,2,2097-112
1283,19,Blog,33,1/7/2025,4,5,2098-269
1387,10,Socialmedia,8,10/18/2024,9,18,2099-94
2483,13,NEWSLETTER,27,2/13/2024,5,13,2100-295
342,10,BLOG,199,3/13/2023,4,6,2100-713
1496,10,Video,7,3/26/2025,4,3,2100-78
1968,5,newsletter,41,3/3/2024,17,1,2101-204
1379,45,newsletter,23,8/21/2024,7,10,2101-234
1667,12,socialmedia,0,10/3/2025,3,7,210-2
1600,38,VIDEO,8,2/8/2025,11,4,2102-166
1290,27,Socialmedia,9,3/15/2025,6,8,2102-264
659,12,Video,24,5/6/2024,15,11,2104-131
3194,13,Newsletter,73,9/24/2023,15,20,2105-507
3423,19,Socialmedia,33,4/6/2024,3,20,2106-206
1609,39,Socialmedia,3,4/8/2025,4,2,2108-97
1986,41,Newsletter,8,4/25/2025,1,20,2109-92
4549,25,VIDEO,16,3/18/2025,14,3,2110-267
868,43,newsletter,80,6/15/2024,2,6,2110-422
4411,43,newsletter,212,5/28/2023,18,19,2110-546
3521,50,Newsletter,0,8/16/2025,3,14,211-11
1363,22,NEWSLETTER,61,5/22/2024,13,9,2113-445
210,8,Socialmedia,232,8/23/2023,13,12,2113-624
3965,26,Newsletter,200,1/16/2023,7,11,2114-953
1373,32,socialmedia,8,2/22/2023,20,3,211-64
1506,39,socialmedia,261,7/21/2023,7,5,2117-857
3926,48,Blog,57,8/23/2024,13,14,2119-298
1044,32,NEWSLETTER,24,11/26/2024,11,17,2119-341
1269,4,socialmedia,19,2/2/2025,7,6,2121-223
4363,20,VIDEO,27,12/16/2024,12,11,2121-288
4543,48,Blog,36,8/9/2024,14,1,2121-349
2257,27,Video,64,10/23/2024,10,4,2122-346
2905,5,socialmedia,14,4/7/2025,10,3,2123-204
2903,46,Socialmedia,22,7/31/2023,3,10,2124-268
3616,47,SOCIALMEDIA,10,4/15/2025,8,19,2128-175
750,33,BLOG,19,1/20/2025,17,9,2129-223
3767,46,BLOG,74,2/16/2024,13,12,2129-239
760,20,VIDEO,5,5/3/2025,8,9,2130-161
488,36,BLOG,80,1/6/2024,8,20,2132-373
3625,20,Blog,63,8/1/2023,10,19,2132-430
601,43,BLOG,4,4/2/2025,6,4,2133-154
3130,38,NEWSLETTER,465,1/15/2023,18,6,2133-992
3192,20,Socialmedia,24,11/9/2024,14,12,2137-365
89,21,Socialmedia,1,11/27/2024,2,13,214-15
795,38,newsletter,86,1/24/2024,16,1,2141-578
3573,42,newsletter,19,1/22/2025,1,1,2142-144
3416,18,VIDEO,43,4/15/2024,19,15,2144-404
3315,31,Video,12,11/14/2024,2,10,2148-169
730,19,SOCIALMEDIA,32,3/25/2025,12,4,2149-267
3456,6,SOCIALMEDIA,52,6/24/2024,4,18,2149-272
4617,2,Newsletter,138,1/11/2024,3,9,2150-474
661,18,VIDEO,14,10/13/2024,13,16,2151-241
1452,13,blog,1,2/3/2025,6,7,215-16
2540,33,Video,2,10/14/2023,19,20,215-22
3081,45,Video,105,5/17/2024,8,7,2152-528
1899,22,socialmedia,169,5/13/2023,9,14,2152-643
3016,9,Newsletter,60,5/20/2024,19,16,2155-261
1648,17,newsletter,14,12/30/2024,15,16,2156-167
2868,29,Video,372,4/16/2023,14,11,2156-867
590,41,Socialmedia,0,12/15/2025,7,15,215-7
486,17,VIDEO,50,4/25/2024,10,13,2158-254
2632,29,blog,10,5/1/2025,5,14,2161-117
4484,18,blog,8,1/13/2025,4,12,2161-155
3635,19,Socialmedia,286,3/5/2023,19,14,2162-925
413,28,blog,21,8/18/2024,5,8,2164-250
1879,26,video,6,1/9/2025,4,5,2165-111
2128,47,SOCIALMEDIA,7,5/7/2025,8,11,2165-191
3727,42,Socialmedia,13,2/9/2025,7,16,2166-167
4501,22,Newsletter,22,4/17/2025,6,7,2166-241
3621,12,Blog,29,9/15/2024,2,9,2166-439
625,36,Newsletter,17,3/13/2025,10,13,2169-135
1137,30,video,5,3/27/2025,18,3,2169-141
4251,18,Newsletter,15,1/10/2023,5,16,216-96
834,17,Newsletter,36,2/21/2024,20,6,2170-301
3244,27,NEWSLETTER,25,10/1/2024,4,6,2171-201
2275,25,blog,16,10/2/2024,6,10,2171-383
512,1,Video,33,7/29/2024,8,14,2172-147
2717,25,video,51,5/29/2024,12,18,2172-291
3503,29,newsletter,48,11/24/2024,17,6,2173-382
1400,20,Video,102,5/22/2023,11,6,2175-401
1723,43,socialmedia,26,12/6/2024,13,5,2177-230
2557,35,video,56,12/2/2023,3,4,2177-361
242,38,video,70,5/13/2023,17,19,2178-280
2198,8,video,0,7/13/2025,9,5,218-12
2817,6,blog,324,5/27/2023,7,9,2181-902
1450,8,socialmedia,85,5/15/2024,20,9,2183-319
3956,28,Newsletter,115,4/13/2023,10,2,2183-437
2273,43,newsletter,17,1/23/2025,9,14,2186-230
728,4,video,10,4/4/2025,15,7,2189-182
4141,39,Blog,9,3/31/2025,7,1,2192-182
2842,8,SOCIALMEDIA,223,9/14/2023,10,19,2193-615
3338,43,Blog,131,4/10/2024,9,16,2194-580
112,45,NEWSLETTER,57,5/9/2024,10,10,2195-578
59,37,video,0,7/17/2025,10,1,219-7
1192,13,video,0,11/3/2025,2,15,22-0
1957,23,Newsletter,0,9/17/2025,18,6,220-3
1369,45,SOCIALMEDIA,73,6/20/2024,14,16,2203-512
3818,32,video,382,3/3/2023,5,1,2204-834
4508,41,BLOG,6,7/29/2023,19,15,220-53
3095,45,newsletter,58,11/18/2024,1,4,2207-364
3541,11,Newsletter,13,3/20/2025,10,18,2208-224
2945,33,socialmedia,113,7/28/2024,11,6,2208-500
2042,46,Blog,9,4/30/2025,8,14,2208-88
615,17,blog,0,12/29/2025,17,14,220-9
3187,46,VIDEO,28,3/19/2024,14,1,2212-234
1494,18,Blog,17,3/20/2024,18,6,2213-273
4497,20,Newsletter,20,2/12/2025,1,15,2215-149
3603,7,Newsletter,14,1/26/2025,7,14,2216-182
3655,20,Socialmedia,86,3/28/2024,11,18,2217-496
4041,3,Blog,38,2/12/2025,13,2,2219-273
1065,42,VIDEO,92,10/17/2023,8,4,2219-684
656,32,socialmedia,29,12/14/2024,19,3,2221-168
3069,30,video,2,4/20/2025,20,20,222-21
3720,16,Socialmedia,5,6/20/2023,11,18,222-21
4029,32,video,289,1/21/2023,3,2,2223-658
4097,40,VIDEO,0,12/14/2025,6,15,222-5
241,4,VIDEO,41,6/4/2023,17,6,2226-478
507,15,BLOG,159,3/8/2023,8,13,2226-575
3920,20,blog,8,2/14/2025,12,18,2227-128
2935,15,NEWSLETTER,43,12/18/2023,20,11,2227-240
948,13,blog,81,7/7/2024,6,15,2227-333
4158,2,VIDEO,103,9/24/2023,9,7,2227-780
185,10,blog,66,3/9/2024,9,2,2229-255
1060,1,Socialmedia,10,3/29/2024,11,3,2230-136
3373,18,socialmedia,58,5/14/2024,16,2,2231-547
4046,39,blog,11,1/31/2025,12,14,2232-215
4230,23,Blog,108,8/12/2023,16,11,2233-300
128,35,newsletter,109,2/27/2024,17,5,2235-408
231,29,Newsletter,39,5/23/2023,13,8,2236-396
2376,23,BLOG,0,12/28/2025,4,18,223-7
4361,19,Video,238,1/28/2023,3,4,2241-602
1764,37,socialmedia,38,1/11/2025,18,18,2242-328
4113,20,Blog,16,1/1/2025,20,15,2243-105
4303,16,Video,69,4/29/2024,20,12,2246-317
2087,6,Blog,72,6/27/2024,8,16,2247-388
2896,30,Newsletter,41,9/5/2024,5,19,2248-329
2647,23,newsletter,1,11/11/2024,16,9,225-13
2767,49,Socialmedia,63,1/2/2024,8,17,2252-252
679,43,newsletter,0,11/17/2025,18,18,225-4
2352,22,Video,0,11/9/2025,3,10,225-6
3115,8,Socialmedia,0,6/7/2025,14,13,225-6
1633,45,newsletter,66,8/2/2024,8,14,2259-526
2090,19,newsletter,0,9/29/2025,3,11,226-10
3171,16,blog,0,9/5/2025,3,18,226-10
3706,21,Newsletter,0,12/25/2025,4,14,226-10
4395,25,video,1,5/14/2025,15,15,226-15
1042,23,SOCIALMEDIA,44,9/9/2024,2,9,2263-218
3742,33,socialmedia,5,4/13/2025,3,4,2263-59
473,46,Socialmedia,27,3/5/2025,3,14,2267-253
1802,11,Newsletter,31,11/18/2024,11,5,2267-336
521,6,newsletter,60,10/21/2024,4,1,2268-424
3444,40,Video,69,7/3/2024,18,7,2268-488
3783,26,BLOG,66,10/15/2024,19,15,2269-382
1109,42,Video,126,5/21/2024,2,7,2269-479
4556,41,Video,101,9/30/2023,16,13,2269-529
955,18,socialmedia,51,1/20/2024,5,4,2269-648
3281,8,newsletter,4,3/6/2025,6,11,2269-82
3176,48,video,21,7/2/2024,9,10,2271-190
1071,45,Blog,62,5/27/2024,7,4,2275-348
539,49,Video,32,7/29/2024,18,18,2276-204
3137,44,video,17,9/13/2024,18,12,2279-412
253,46,Video,363,4/11/2023,16,3,2279-972
1426,32,blog,16,1/22/2025,1,17,2280-232
218,50,Video,80,9/18/2024,18,9,2280-480
909,40,Blog,0,8/20/2025,6,7,228-13
849,11,video,42,1/26/2024,19,9,2281-520
4294,8,SOCIALMEDIA,33,7/14/2024,18,12,2284-306
70,12,Socialmedia,10,4/30/2024,12,11,228-49
2064,32,blog,21,2/4/2025,13,10,2285-287
2271,43,socialmedia,11,12/22/2024,5,11,2288-231
1625,27,socialmedia,86,8/8/2024,10,16,2289-420
2157,5,socialmedia,34,3/29/2024,9,18,2290-198
2361,18,socialmedia,0,10/31/2025,3,10,229-11
1562,31,blog,168,10/5/2023,15,8,2291-543
3691,3,Socialmedia,148,11/21/2023,19,13,2291-573
2787,47,blog,7,3/28/2025,8,12,2291-73
1687,46,video,7,4/25/2024,2,2,229-30
2374,14,socialmedia,45,6/8/2024,19,7,2299-294
3517,24,SOCIALMEDIA,14,11/24/2024,14,11,2303-259
1930,25,Video,22,9/19/2024,15,13,2303-490
4258,20,Newsletter,72,5/4/2024,14,19,2303-563
4116,31,socialmedia,2,2/27/2025,8,18,2303-68
875,48,SOCIALMEDIA,58,9/2/2024,3,15,2304-400
1049,27,Video,149,12/23/2023,20,13,2306-521
4512,2,newsletter,5,11/16/2023,2,3,230-68
4242,29,VIDEO,84,9/15/2024,15,3,2307-447
1225,48,Blog,205,5/4/2023,2,17,2307-720
186,9,newsletter,24,12/16/2024,11,13,2308-187
304,43,BLOG,18,4/18/2025,2,20,2308-261
3483,45,socialmedia,80,12/28/2023,4,16,2308-299
98,44,blog,0,8/20/2025,11,8,231-10
1567,18,Video,282,3/19/2023,14,6,2313-729
3857,15,Socialmedia,36,2/1/2024,8,16,2314-433
1149,22,Video,9,2/22/2025,17,5,2315-194
1160,38,Socialmedia,38,11/18/2024,12,5,2315-238
348,7,Newsletter,29,8/29/2024,1,13,2316-164
952,38,VIDEO,9,4/1/2025,8,5,2318-250
3387,4,Socialmedia,33,7/31/2024,19,3,2320-397
2519,25,BLOG,0,11/24/2025,15,16,232-2
3639,20,Blog,48,5/7/2024,19,10,2322-404
1841,27,Video,313,5/8/2023,6,5,2322-721
1976,41,Blog,72,1/6/2024,6,3,2323-389
4403,27,video,0,11/7/2025,10,18,232-7
2490,43,socialmedia,90,6/4/2024,7,15,2327-478
2231,21,VIDEO,2,1/3/2025,1,10,233-17
3181,36,Socialmedia,22,8/30/2024,9,7,2332-106
3354,2,Newsletter,26,3/10/2025,1,11,2334-229
1206,26,SOCIALMEDIA,8,12/25/2023,5,20,233-59
198,4,Video,117,2/1/2023,8,12,2336-1076
3188,8,blog,1,6/3/2025,1,8,234-18
928,9,SOCIALMEDIA,8,4/4/2025,13,6,2342-144
1263,32,Video,19,7/5/2024,12,5,2343-277
4365,42,Socialmedia,57,8/16/2024,8,12,2344-297
863,6,Video,0,9/15/2025,19,15,234-6
4079,49,BLOG,236,3/18/2023,16,12,2346-667
701,34,Blog,0,6/9/2025,11,3,234-7
1627,40,SOCIALMEDIA,9,1/21/2025,12,13,2347-78
2398,6,NEWSLETTER,186,11/23/2023,13,3,2348-535
4130,24,BLOG,26,4/6/2025,1,7,2349-225
3865,18,VIDEO,16,2/1/2025,10,6,2349-345
3094,11,Video,106,6/22/2024,9,7,2350-585
2702,7,Newsletter,0,7/29/2025,20,6,235-12
427,37,Blog,0,7/16/2025,15,15,235-16
4099,13,newsletter,74,11/19/2023,17,5,2352-313
138,19,VIDEO,113,1/2/2024,15,17,2352-425
3009,44,Video,155,1/18/2023,15,20,2352-806
3385,5,Video,0,12/6/2025,20,11,235-4
4161,32,SOCIALMEDIA,148,1/24/2024,14,6,2354-754
4256,46,Newsletter,21,12/16/2023,18,7,235-70
3729,17,Newsletter,12,1/9/2025,20,20,2357-270
582,33,SOCIALMEDIA,0,9/13/2025,8,12,236-10
229,18,Video,291,1/27/2023,17,12,2361-746
3417,6,socialmedia,70,2/22/2024,3,8,2364-563
1748,4,Newsletter,32,3/16/2024,11,2,2365-178
1403,29,Newsletter,44,10/25/2024,3,10,2365-458
4028,48,blog,0,12/23/2025,19,2,236-6
1886,13,video,63,8/10/2023,7,11,2366-396
4051,3,video,38,6/30/2024,13,20,2366-453
1969,10,newsletter,78,12/1/2023,7,6,2369-568
774,39,socialmedia,178,3/25/2024,5,10,2369-688
2859,30,SOCIALMEDIA,3,4/14/2025,2,16,2370-128
1335,46,Blog,34,3/10/2025,4,5,2370-257
1880,50,Newsletter,0,3/13/2025,8,9,237-18
4117,6,Newsletter,151,10/26/2023,17,14,2372-442
285,12,blog,25,2/4/2025,10,15,2374-300
1883,45,Socialmedia,0,8/12/2025,12,7,237-5
775,8,video,372,4/23/2023,6,10,2375-1022
4257,24,BLOG,42,7/10/2024,3,9,2375-510
3941,22,Socialmedia,152,7/11/2023,3,2,2375-690
2471,20,Video,360,1/27/2023,13,5,2380-1009
2100,19,Socialmedia,7,4/10/2025,13,19,2380-188
1394,15,blog,3,2/6/2024,5,1,238-25
2036,23,Newsletter,1,2/10/2025,6,16,238-28
3953,48,BLOG,18,4/7/2025,6,17,2384-236
4206,12,Video,65,7/22/2024,2,11,2384-381
1709,32,Video,93,4/30/2023,16,14,2386-518
55,50,Blog,18,4/1/2025,18,6,2387-201
1051,16,socialmedia,99,7/26/2024,5,4,2387-418
4288,49,newsletter,93,8/15/2023,11,8,2387-491
1207,16,socialmedia,6,2/13/2025,2,19,2388-217
68,33,Video,5,10/20/2024,3,19,239-43
1646,14,video,128,1/19/2024,16,6,2395-759
1015,36,socialmedia,225,2/17/2023,14,9,2396-578
3781,20,video,0,12/11/2025,16,17,239-7
864,15,blog,57,12/18/2023,4,3,2400-419
347,21,Video,244,10/9/2023,5,15,2401-713
3352,5,Blog,35,7/1/2024,15,10,2403-599
1652,21,Newsletter,407,3/17/2023,1,19,2403-889
2455,16,Newsletter,44,4/8/2024,6,15,2405-339
1560,19,video,10,5/14/2023,3,3,240-54
2439,50,Video,69,8/25/2024,8,4,2406-357
2645,3,newsletter,23,3/15/2025,16,6,2408-290
1190,30,Blog,0,6/14/2025,13,12,24-1
579,16,socialmedia,22,1/5/2024,2,12,2410-207
1614,23,Newsletter,51,10/20/2024,7,17,2410-366
2514,47,SOCIALMEDIA,215,1/6/2024,3,20,2410-703
3389,12,Blog,20,11/20/2024,17,6,2411-355
2837,29,Blog,232,3/5/2023,15,2,2417-752
2014,38,Video,12,2/1/2025,6,1,2419-108
4224,32,newsletter,144,5/23/2024,18,3,2419-548
2650,40,newsletter,66,3/18/2024,2,6,2424-491
1184,6,video,34,12/31/2024,14,9,2425-368
2436,5,newsletter,45,9/4/2024,15,18,2429-240
3107,49,Newsletter,0,11/30/2025,13,11,243-10
1276,29,newsletter,0,11/30/2025,11,5,243-11
1196,3,Blog,0,8/24/2025,4,2,243-14
2871,4,Video,129,5/23/2023,17,13,2431-485
3047,20,Video,11,1/20/2025,12,16,2433-119
3404,22,Socialmedia,137,10/4/2023,19,16,2433-635
1565,4,BLOG,56,6/11/2024,6,19,2435-533
3605,5,blog,58,2/13/2024,12,5,2436-522
2615,46,Video,121,3/15/2023,3,11,2437-315
4302,4,Blog,10,2/17/2025,2,6,2438-188
2526,40,Video,79,1/5/2024,10,14,2438-779
1510,7,VIDEO,2,2/8/2025,19,8,2438-84
3642,1,newsletter,0,9/23/2025,9,9,243-9
3996,5,blog,45,12/2/2024,4,11,2440-259
4424,36,Socialmedia,20,12/30/2024,19,6,2441-152
3841,8,video,38,3/13/2024,12,4,2442-184
2843,43,Video,22,1/5/2025,17,9,2444-145
3459,36,video,82,1/15/2024,16,7,2444-651
3445,40,NEWSLETTER,15,3/6/2025,15,20,2445-281
4386,35,NEWSLETTER,8,4/2/2025,17,13,2446-211
4196,44,Socialmedia,138,9/14/2023,6,1,2446-390
1541,18,Blog,240,5/19/2023,5,16,2446-913
1684,12,SOCIALMEDIA,21,11/25/2024,18,6,2451-151
2416,33,VIDEO,81,9/19/2023,16,6,2451-729
1168,2,video,70,5/18/2024,3,6,2452-459
1591,29,Socialmedia,18,1/2/2024,6,8,245-58
2008,24,Video,47,7/1/2024,1,5,2457-424
4623,31,BLOG,133,9/1/2023,2,17,2458-457
3038,15,blog,149,11/11/2023,9,1,2459-504
1512,1,video,11,12/6/2024,6,1,2460-173
3959,1,Socialmedia,19,10/2/2024,19,19,2465-311
3324,16,Blog,340,3/13/2023,7,19,2466-1079
3078,6,NEWSLETTER,10,3/10/2025,14,17,2467-149
4073,18,Socialmedia,23,12/21/2023,14,6,2467-236
3247,17,NEWSLETTER,28,10/28/2024,8,13,2467-336
1210,4,Video,0,8/7/2025,3,8,247-10
4328,30,newsletter,7,2/12/2025,15,4,2474-115
2185,14,Newsletter,74,8/3/2023,11,13,2477-311
3746,35,Socialmedia,16,3/28/2025,12,12,2478-259
187,45,blog,197,3/29/2024,6,10,2478-717
4392,42,Socialmedia,44,5/13/2024,11,10,2479-432
1470,47,socialmedia,55,1/21/2024,12,5,2482-188
2138,31,socialmedia,87,9/6/2023,5,4,2484-319
3267,2,NEWSLETTER,284,11/24/2023,15,14,2484-862
2694,46,video,0,10/22/2025,2,12,248-5
857,37,Newsletter,102,8/16/2024,14,18,2485-546
360,50,Newsletter,43,7/19/2024,6,3,2486-463
994,36,SOCIALMEDIA,36,10/25/2024,20,9,2487-333
2209,20,newsletter,0,12/14/2025,2,17,248-8
1339,21,socialmedia,255,11/12/2023,9,18,2488-767
635,4,Video,0,9/6/2025,8,14,248-9
3830,42,Blog,231,2/13/2023,7,1,2489-518
405,42,newsletter,110,6/13/2024,6,7,2490-541
2181,41,NEWSLETTER,47,8/11/2024,14,6,2494-303
1125,35,Video,14,10/24/2024,12,9,2496-107
4124,18,blog,44,12/22/2024,20,2,2497-266
3275,14,socialmedia,17,10/3/2024,19,4,2499-248
2960,34,SOCIALMEDIA,94,8/7/2023,7,19,2501-249
2779,16,Video,3,1/29/2025,6,8,250-30
4539,17,Newsletter,27,9/25/2024,1,9,2504-405
385,34,Socialmedia,33,6/21/2024,5,8,2505-324
2544,46,SOCIALMEDIA,246,7/6/2023,20,14,2505-786
4285,13,Video,43,3/19/2024,20,11,2506-314
513,8,BLOG,87,2/28/2024,18,9,2506-408
2709,31,SOCIALMEDIA,42,8/23/2024,18,1,2506-483
381,49,Video,10,2/28/2025,20,3,2509-181
2184,21,socialmedia,4,3/30/2025,15,1,2519-138
1337,35,blog,36,7/20/2024,9,14,2519-171
2068,23,blog,7,1/25/2025,16,20,2520-234
2085,8,SOCIALMEDIA,39,8/3/2023,10,13,2521-350
2605,47,Socialmedia,0,10/28/2025,13,5,252-2
3063,32,Video,7,11/6/2024,5,17,2522-188
2481,9,BLOG,30,5/9/2024,17,1,2523-262
189,50,blog,266,10/14/2023,4,9,2523-840
2925,37,newsletter,76,3/30/2024,20,8,2527-277
1787,33,socialmedia,0,6/19/2025,3,11,252-8
3347,19,newsletter,0,10/30/2025,6,6,252-9
752,38,blog,1,2/16/2025,17,3,253-25
332,11,Blog,53,9/3/2023,1,11,2533-355
4587,41,Socialmedia,10,2/13/2025,9,10,2533-80
581,11,newsletter,192,9/8/2023,19,8,2535-604
3970,35,Video,10,3/11/2025,20,20,2537-242
2873,45,Newsletter,44,1/26/2025,12,18,2538-390
894,37,SOCIALMEDIA,0,11/12/2025,15,6,254-10
1092,44,Newsletter,0,12/13/2025,15,4,254-12
251,24,Socialmedia,0,3/22/2025,2,10,254-17
2292,48,newsletter,130,12/31/2023,15,6,2542-691
3113,44,NEWSLETTER,14,2/17/2025,8,12,2546-264
4314,25,BLOG,95,6/14/2023,1,2,2546-320
1022,28,NEWSLETTER,33,2/26/2025,11,11,2548-266
46,5,Blog,11,9/29/2024,1,1,2549-228
518,39,NEWSLETTER,54,6/11/2024,13,5,2552-406
511,26,Socialmedia,220,9/25/2023,16,16,2552-770
1807,35,SOCIALMEDIA,4,1/16/2025,1,3,255-39
3957,48,Socialmedia,27,1/3/2025,2,2,2555-261
3146,19,Blog,122,1/19/2024,14,4,2558-823
2726,32,NEWSLETTER,36,10/25/2024,4,13,2559-242
3523,20,BLOG,111,3/9/2024,16,4,2560-576
594,33,newsletter,22,1/25/2025,2,15,2561-327
954,29,blog,36,8/5/2024,15,6,2562-321
922,7,Blog,145,12/21/2023,15,9,2566-455
4264,23,Blog,7,2/1/2025,19,5,2568-96
502,50,NEWSLETTER,133,3/15/2023,19,5,2570-778
4169,4,blog,0,10/20/2025,17,7,257-11
3348,13,Video,39,2/26/2025,20,9,2571-316
4039,23,Video,0,9/27/2025,15,1,257-3
1604,31,Video,24,2/17/2025,7,5,2573-358
499,10,video,9,1/28/2025,12,11,2575-97
504,45,blog,58,10/29/2024,17,11,2577-420
3246,32,Socialmedia,0,8/23/2025,18,11,257-8
3464,26,newsletter,49,9/11/2023,1,1,2580-233
2892,27,Newsletter,12,1/17/2025,17,8,2584-134
3020,6,Socialmedia,48,8/7/2024,17,17,2585-238
352,16,Newsletter,94,1/5/2023,14,8,2585-319
3250,35,Blog,18,11/29/2023,1,7,258-76
890,29,SOCIALMEDIA,50,4/23/2024,3,6,2590-198
3614,45,Video,0,8/31/2025,6,5,259-13
562,38,Video,1,5/17/2025,8,17,259-14
2741,35,Socialmedia,96,5/3/2024,12,5,2591-430
2774,27,video,41,5/16/2024,8,8,2592-222
2851,9,Socialmedia,0,11/26/2025,5,11,259-3
501,7,blog,4,2/10/2025,3,2,2595-108
1016,50,SOCIALMEDIA,60,7/7/2024,13,8,2595-254
3182,12,SOCIALMEDIA,30,6/15/2024,15,14,2595-307
94,33,Video,389,2/18/2023,15,17,2595-933
2109,21,socialmedia,108,1/29/2023,13,15,2596-775
1134,11,NEWSLETTER,6,2/9/2025,1,11,2597-137
1460,10,SOCIALMEDIA,0,12/10/2025,10,14,26-0
2551,3,Socialmedia,7,12/12/2024,15,2,2601-149
2407,37,SOCIALMEDIA,0,7/3/2025,7,3,260-13
3821,45,BLOG,11,2/10/2025,7,19,2603-99
2974,1,Video,52,8/11/2024,1,11,2604-440
923,12,Video,124,8/9/2024,19,12,2604-577
1994,33,blog,36,10/18/2024,8,8,2605-424
2913,32,newsletter,6,8/15/2024,2,19,260-55
2641,6,video,8,2/2/2025,6,9,2607-161
3021,3,Newsletter,84,10/26/2024,4,3,2608-488
2161,1,socialmedia,0,8/13/2025,1,17,26-1
225,20,Socialmedia,71,5/29/2023,13,3,2610-245
1282,44,VIDEO,0,12/6/2025,11,2,261-10
1908,22,SOCIALMEDIA,2,9/19/2024,4,11,261-18
3425,49,socialmedia,26,2/13/2025,16,4,2612-224
2547,8,Socialmedia,133,3/18/2024,6,20,2612-554
2196,43,socialmedia,6,5/1/2023,8,13,261-30
3620,16,video,4,10/23/2024,12,7,261-48
142,35,Video,0,11/5/2025,6,1,261-5
936,43,Video,0,6/9/2025,1,4,26-2
3943,31,socialmedia,24,12/23/2024,3,7,2622-185
4165,43,Blog,13,8/5/2024,20,7,2622-270
289,16,Blog,40,11/24/2024,6,2,2622-364
1960,37,Socialmedia,0,9/16/2025,17,20,262-4
4311,18,socialmedia,103,6/4/2024,5,15,2626-409
4290,2,blog,131,10/7/2023,7,3,2626-660
4238,12,Newsletter,12,12/17/2024,19,9,2628-348
3969,28,SOCIALMEDIA,0,7/30/2025,2,2,263-10
4025,27,newsletter,0,10/11/2025,12,8,263-3
544,16,blog,16,7/31/2023,9,14,263-56
832,31,video,13,12/19/2024,7,2,2637-130
3702,43,blog,67,5/15/2024,3,2,2638-510
3049,11,Blog,125,1/25/2023,8,4,2639-1129
4585,2,Blog,43,4/4/2024,11,2,2639-180
4134,3,Blog,99,9/21/2024,15,18,2639-483
3128,4,NEWSLETTER,195,3/27/2023,17,4,2639-551
2478,10,blog,32,12/20/2024,20,3,2640-295
2267,18,NEWSLETTER,144,4/9/2023,17,3,2645-677
1020,11,video,353,1/16/2023,7,4,2645-960
4069,44,video,111,1/19/2023,17,14,2646-269
1241,26,BLOG,71,10/1/2023,12,2,2646-851
3449,50,Video,44,9/9/2024,2,7,2647-310
3044,8,Socialmedia,16,2/6/2025,17,18,2648-284
2153,7,Newsletter,157,8/21/2023,19,4,2650-527
3186,9,VIDEO,23,4/13/2024,10,15,2652-334
4241,9,Newsletter,6,10/24/2023,6,13,265-37
3987,5,Video,72,3/8/2024,5,1,2654-632
722,34,socialmedia,62,11/6/2023,1,11,2655-279
3688,36,Blog,50,2/28/2024,18,4,2655-290
4521,33,SOCIALMEDIA,36,9/11/2023,13,7,2655-326
3141,39,NEWSLETTER,157,4/22/2024,17,20,2655-676
495,42,socialmedia,84,11/19/2023,20,17,2656-799
2021,49,NEWSLETTER,0,12/2/2025,18,6,265-7
1340,5,socialmedia,17,12/14/2024,2,16,2657-112
100,32,Video,34,5/5/2024,15,13,2657-175
1405,12,video,76,3/1/2024,14,10,2658-555
2703,38,Video,1,5/11/2025,7,2,266-18
1852,46,Video,4,12/15/2024,8,17,266-29
2423,20,SOCIALMEDIA,312,1/31/2023,18,16,2663-1288
4030,7,Blog,47,4/10/2024,12,17,2664-413
3008,28,Video,0,9/22/2025,17,14,266-6
2957,10,Newsletter,0,11/30/2025,11,11,266-7
2654,39,VIDEO,50,9/2/2024,9,18,2667-461
3799,9,video,107,11/14/2023,12,1,2668-722
4131,31,blog,63,11/22/2024,5,6,2669-459
1657,40,Socialmedia,5,11/2/2024,2,10,2671-150
310,23,Newsletter,69,5/17/2023,11,7,2673-537
4033,44,NEWSLETTER,113,5/3/2024,15,2,2674-448
38,30,Newsletter,449,1/2/2023,16,15,2674-956
714,46,blog,11,7/30/2024,1,11,2676-129
2449,1,Newsletter,27,11/21/2024,17,17,2676-459
438,21,Socialmedia,186,1/18/2024,4,17,2678-661
743,46,Newsletter,26,1/5/2025,16,15,2680-399
387,38,socialmedia,74,11/27/2024,6,8,2680-441
681,26,Video,69,10/13/2024,5,12,2683-527
2050,22,BLOG,163,1/25/2024,2,2,2684-714
191,23,NEWSLETTER,13,1/30/2025,18,19,2687-123
3108,41,socialmedia,0,6/27/2025,16,17,269-16
3721,1,SOCIALMEDIA,7,1/28/2024,3,18,269-39
1406,5,SOCIALMEDIA,0,11/4/2025,19,9,269-4
1219,11,Video,0,10/25/2025,17,8,269-6
766,49,Blog,30,9/11/2024,8,17,2699-560
1176,47,blog,0,11/9/2025,17,14,27-0
3328,25,video,0,12/18/2025,11,19,27-0
2548,37,Video,117,2/20/2023,6,7,2700-663
3991,28,Socialmedia,2,3/28/2024,4,10,270-25
1756,29,SOCIALMEDIA,316,8/5/2023,13,10,2702-848
1628,3,blog,6,3/5/2025,7,17,2702-95
895,1,Blog,96,8/11/2024,20,15,2703-557
4276,17,socialmedia,89,3/6/2024,7,14,2706-307
713,3,NEWSLETTER,57,9/3/2024,19,18,2706-430
3376,4,VIDEO,280,12/6/2023,4,5,2709-859
3167,47,BLOG,88,4/28/2024,17,7,2711-674
854,15,blog,6,1/17/2025,3,5,2712-193
776,16,NEWSLETTER,71,4/2/2024,10,4,2713-707
3653,29,newsletter,299,5/25/2023,13,16,2714-967
830,44,blog,151,1/15/2024,17,4,2716-574
462,11,newsletter,25,9/18/2024,13,2,2717-304
3040,9,video,12,2/19/2025,17,5,2718-100
866,33,newsletter,61,11/4/2023,2,10,2719-291
3960,20,Blog,83,12/25/2023,20,3,2719-416
2442,46,Video,40,12/20/2024,1,17,2720-257
2233,47,Socialmedia,46,8/27/2024,17,1,2723-327
51,44,NEWSLETTER,44,2/25/2025,6,17,2725-358
4001,33,blog,84,11/24/2023,4,10,2726-269
1005,21,Newsletter,163,1/5/2024,13,4,2727-682
2127,49,Socialmedia,21,3/3/2025,5,9,2728-196
2067,14,Video,0,9/4/2025,12,17,272-9
3029,43,video,39,6/16/2024,3,18,2731-215
3370,17,Socialmedia,0,4/14/2025,8,9,273-18
380,41,Socialmedia,3,1/20/2025,20,16,273-33
4197,42,Newsletter,306,1/20/2023,19,8,2733-783
2258,13,Blog,125,5/10/2023,16,13,2734-489
2965,37,Blog,27,2/25/2025,10,6,2735-261
1266,15,blog,230,8/29/2023,14,18,2739-969
2689,10,Blog,60,9/7/2023,10,11,2742-641
3754,50,Socialmedia,112,1/31/2023,13,5,2746-577
3216,21,VIDEO,56,2/18/2024,15,2,2754-220
4399,3,Socialmedia,91,9/28/2024,2,15,2756-438
2466,29,Blog,47,12/28/2024,13,12,2758-284
1750,26,newsletter,17,12/19/2024,12,13,2760-118
1338,35,newsletter,36,1/27/2025,15,7,2763-254
1596,34,Video,263,1/18/2023,8,9,2764-1031
3608,26,VIDEO,116,8/9/2023,9,1,2764-769
4,43,Video,17,1/21/2025,19,20,2766-257
3394,7,newsletter,12,10/26/2023,1,8,276-87
1867,46,blog,126,8/16/2024,11,5,2772-567
3272,19,video,73,5/25/2024,13,15,2772-668
3764,21,SOCIALMEDIA,8,11/18/2023,1,18,277-30
132,2,Socialmedia,88,7/28/2023,19,8,2773-541
572,18,socialmedia,104,7/10/2024,10,13,2774-463
1820,23,socialmedia,66,7/13/2024,13,11,2774-480
517,35,Video,35,10/30/2024,18,20,2778-263
980,29,SOCIALMEDIA,169,10/16/2023,20,18,2780-579
2955,27,Newsletter,128,8/18/2023,18,1,2781-434
3995,4,Newsletter,1,3/27/2025,14,4,278-25
2318,30,blog,57,3/25/2024,13,1,2783-299
2136,24,Newsletter,54,12/5/2024,7,2,2783-381
988,24,VIDEO,82,4/12/2023,20,12,2786-346
3540,45,Blog,50,9/21/2023,20,4,2787-244
1544,26,socialmedia,61,9/23/2024,15,1,2791-537
3299,25,VIDEO,75,3/18/2024,6,5,2792-481
4567,10,socialmedia,119,7/1/2023,10,14,2792-926
1832,24,Socialmedia,0,11/14/2025,1,16,279-5
4518,15,newsletter,61,4/17/2024,20,6,2795-458
2625,46,Video,19,1/18/2025,12,11,2797-154
3228,31,Video,163,9/12/2023,20,3,2797-577
2541,44,socialmedia,0,12/6/2025,9,1,279-8
1017,8,Newsletter,16,2/21/2025,1,3,2798-184
2916,33,video,42,11/19/2023,14,3,2798-220
1799,47,Socialmedia,92,4/27/2023,13,10,2802-723
419,39,Socialmedia,409,2/28/2023,7,10,2803-978
3905,38,NEWSLETTER,36,9/22/2024,9,6,2805-179
2163,11,NEWSLETTER,57,8/7/2024,13,15,2806-344
2232,34,Socialmedia,19,3/25/2024,16,2,280-69
2887,47,Newsletter,160,2/9/2024,9,1,2807-694
2099,10,Newsletter,7,9/16/2024,2,1,2810-147
1233,42,SOCIALMEDIA,11,1/28/2025,6,7,2810-167
1732,48,socialmedia,19,2/13/2025,3,6,2811-228
3877,13,Newsletter,8,11/11/2024,2,19,2813-167
4477,29,Blog,64,4/19/2024,7,16,2814-314
3199,26,BLOG,244,5/10/2023,19,18,2815-917
4338,5,video,19,8/15/2024,14,11,2816-240
2289,30,Blog,37,2/21/2024,14,14,2817-178
847,7,Socialmedia,0,12/15/2025,11,20,281-8
2384,25,Socialmedia,0,11/11/2025,5,19,281-8
1073,9,newsletter,80,10/28/2023,12,7,2822-221
3795,10,Socialmedia,0,10/19/2025,9,12,282-5
108,48,Blog,56,10/26/2023,15,6,2826-264
1448,10,Blog,0,10/15/2025,19,16,282-8
4414,42,NEWSLETTER,10,1/19/2025,11,4,2830-155
165,44,Newsletter,314,4/27/2023,8,5,2831-1085
3300,21,video,2,4/29/2024,6,2,283-15
938,27,Newsletter,145,1/18/2024,1,6,2835-879
2385,26,newsletter,0,12/2/2025,15,9,283-8
4491,2,NEWSLETTER,128,12/9/2023,2,19,2838-391
1279,48,newsletter,137,3/30/2024,12,8,2838-553
1481,18,NEWSLETTER,1,7/17/2024,4,7,284-14
3716,15,blog,62,5/10/2024,7,12,2843-518
2708,6,NEWSLETTER,58,4/2/2024,10,2,2845-220
2327,44,BLOG,55,11/18/2023,14,19,2845-263
124,39,blog,32,11/16/2024,7,19,2847-274
61,47,blog,72,1/24/2024,16,7,2847-528
404,43,NEWSLETTER,22,10/7/2024,12,8,2848-381
3583,1,socialmedia,107,10/9/2023,18,13,2848-431
2043,28,Blog,60,7/11/2024,20,14,2851-515
1643,42,VIDEO,1,7/5/2025,10,20,285-22
1488,13,Blog,25,1/26/2025,4,7,2854-316
1849,32,newsletter,60,9/9/2024,16,1,2856-591
154,1,Newsletter,208,8/20/2023,16,17,2857-804
1776,42,newsletter,33,6/26/2024,2,2,2859-232
1143,9,blog,44,4/29/2024,11,10,2860-731
4299,10,Video,0,10/26/2025,20,2,286-10
1610,38,Socialmedia,380,5/31/2023,8,20,2861-964
1700,7,Blog,2,5/7/2025,5,2,286-20
755,44,blog,30,8/5/2024,15,6,2862-167
4233,36,Video,452,5/24/2023,3,12,2868-1062
3492,46,Blog,18,7/15/2024,5,2,2868-286
382,24,Blog,30,5/4/2023,1,2,286-95
3429,17,Video,134,3/15/2024,14,17,2869-576
1798,6,Blog,304,6/5/2023,5,4,2869-875
4366,35,Newsletter,36,10/14/2024,8,1,2870-263
4581,2,socialmedia,0,10/9/2025,1,14,287-3
613,17,Blog,7,1/20/2025,7,11,2874-113
4070,15,Socialmedia,49,1/11/2025,11,10,2876-344
3059,2,Socialmedia,8,1/19/2025,15,20,2877-251
3472,37,Socialmedia,136,6/4/2024,13,4,2879-630
4253,37,blog,37,7/11/2024,11,18,2880-197
1308,26,NEWSLETTER,33,8/9/2024,20,8,2880-519
4443,38,NEWSLETTER,174,3/7/2024,18,11,2880-745
4092,49,Socialmedia,0,12/6/2025,2,12,288-10
2780,41,Newsletter,110,7/26/2024,7,4,2883-506
328,26,Socialmedia,32,8/28/2024,11,10,2884-144
956,6,VIDEO,15,11/6/2024,19,15,2885-325
2422,35,VIDEO,67,8/29/2023,14,6,2887-587
2240,30,SOCIALMEDIA,16,12/24/2024,2,9,2889-250
3798,2,video,13,1/21/2025,7,7,2892-325
3918,49,Blog,60,5/5/2024,12,7,2894-775
219,45,Socialmedia,376,3/15/2023,5,20,2900-1294
1368,16,NEWSLETTER,12,1/24/2025,14,20,2901-222
1141,34,Blog,1,3/11/2025,20,13,290-16
1041,24,socialmedia,7,11/4/2023,15,10,290-25
1941,7,blog,14,10/19/2024,2,6,2908-195
3851,21,VIDEO,69,7/23/2023,14,6,2908-393
1309,5,Socialmedia,0,8/30/2025,4,13,29-1
1987,10,Video,157,4/28/2024,8,6,2910-577
899,40,Newsletter,86,11/8/2023,18,7,2914-494
2657,38,Newsletter,99,2/12/2023,7,12,2914-559
2341,44,Socialmedia,296,9/25/2023,1,13,2915-1016
1299,2,blog,39,2/20/2024,16,8,2916-580
3036,7,Newsletter,211,1/5/2023,18,7,2917-1349
1333,37,VIDEO,50,1/11/2025,15,6,2917-339
3912,25,Blog,106,11/27/2023,13,15,2917-519
2287,3,Newsletter,13,12/20/2024,10,17,2918-186
2334,39,Newsletter,158,9/2/2023,4,1,2919-623
1812,29,Video,55,11/9/2024,11,2,2920-501
641,30,Blog,23,9/6/2024,11,13,2922-267
3363,41,video,0,12/24/2025,18,11,292-4
297,41,Video,69,10/16/2024,12,12,2929-410
3202,33,video,114,4/6/2023,6,12,2930-395
1519,9,Newsletter,354,10/21/2023,6,1,2930-975
2676,39,blog,0,11/30/2025,16,12,293-5
69,50,blog,68,5/11/2024,2,8,2935-303
2101,22,video,34,2/2/2025,5,16,2935-331
1003,8,blog,4,8/13/2024,4,3,293-54
2221,36,VIDEO,25,11/9/2024,9,14,2939-296
3174,41,newsletter,37,1/29/2025,14,18,2939-369
3806,1,Video,15,1/22/2025,19,8,2940-443
3609,37,VIDEO,47,2/28/2024,13,3,2945-195
4221,25,Socialmedia,28,1/23/2023,10,12,294-63
3024,25,Socialmedia,173,11/2/2023,20,18,2948-625
2106,33,NEWSLETTER,44,9/22/2024,11,5,2949-297
135,21,Socialmedia,30,12/20/2024,18,16,2949-352
1606,8,BLOG,42,9/11/2024,9,4,2950-364
366,33,Socialmedia,27,9/23/2024,5,13,2951-221
1728,6,Socialmedia,49,12/30/2024,5,6,2951-369
1716,44,blog,3,12/31/2024,1,2,295-29
2251,27,Socialmedia,229,8/6/2023,13,8,2953-1032
1578,8,Socialmedia,77,10/2/2024,10,10,2954-482
2093,26,Video,17,11/23/2023,17,4,295-68
2359,38,Socialmedia,98,3/10/2024,13,7,2957-711
4287,9,video,12,11/13/2024,15,8,2959-153
3847,17,Newsletter,0,4/15/2025,12,7,296-10
2219,22,video,1,4/30/2025,10,5,296-14
181,16,Video,12,2/2/2025,14,13,2963-199
3863,8,Newsletter,0,12/12/2025,12,11,296-4
1513,22,Socialmedia,60,1/8/2024,1,7,2964-289
3549,11,Blog,97,7/21/2024,7,8,2964-459
1521,48,Newsletter,119,2/12/2024,11,17,2964-913
3323,32,Blog,38,11/15/2024,9,4,2965-454
4466,35,Newsletter,14,10/6/2024,10,12,2970-332
471,2,VIDEO,34,5/9/2024,4,5,2972-216
2047,13,NEWSLETTER,25,7/20/2024,19,8,2974-504
3507,6,Video,16,12/29/2024,20,2,2975-413
3910,36,Blog,33,8/23/2024,18,1,2975-514
1313,18,Blog,8,9/2/2024,4,18,297-56
131,49,newsletter,45,3/30/2024,11,16,2977-695
3285,45,BLOG,0,11/4/2025,6,14,297-8
3711,3,Video,58,9/26/2024,20,10,2978-497
1356,46,VIDEO,1,3/13/2025,1,18,298-13
4326,5,Blog,35,1/28/2024,11,19,2982-513
2902,21,blog,94,7/3/2024,15,7,2988-688
93,23,SOCIALMEDIA,147,2/19/2023,1,17,2989-1283
2783,46,Blog,0,5/6/2025,10,10,299-13
2595,4,Blog,60,2/8/2024,19,1,2991-808
4266,28,Newsletter,123,3/11/2024,9,5,2993-434
2800,33,newsletter,166,1/12/2023,13,20,2993-635
4343,37,Blog,42,9/12/2023,9,3,2994-501
458,30,NEWSLETTER,43,6/23/2024,7,7,2995-415
164,6,socialmedia,32,9/7/2024,6,14,2995-432
1107,50,SOCIALMEDIA,66,5/10/2024,11,3,2997-364
536,44,Socialmedia,101,9/12/2023,8,10,2999-328
1789,4,blog,0,11/15/2025,14,14,30-0
4367,23,VIDEO,170,10/27/2023,10,10,3000-801
3501,31,video,18,7/14/2024,11,14,3001-229
2413,6,VIDEO,51,1/11/2025,19,3,3001-394
3274,32,NEWSLETTER,78,10/7/2023,14,4,3002-223
4550,48,BLOG,35,5/31/2024,3,20,3002-332
2612,20,video,62,3/31/2024,4,11,3003-694
148,3,blog,97,10/10/2023,17,16,3003-918
1393,28,Socialmedia,10,1/18/2025,20,13,3004-146
4492,32,socialmedia,129,7/15/2023,20,17,3007-396
2195,33,Newsletter,0,11/8/2025,15,2,30-1
1561,2,Blog,71,6/7/2023,3,15,3012-309
1759,38,Newsletter,3,8/25/2024,19,8,301-33
226,19,Newsletter,5,2/3/2025,7,10,301-37
1708,12,Newsletter,7,1/31/2025,3,16,3013-94
3555,49,blog,144,11/27/2023,13,19,3019-447
3170,43,blog,0,5/20/2025,15,10,302-17
2092,39,video,444,1/7/2023,12,10,3022-1497
4208,4,VIDEO,21,8/16/2024,11,7,3022-201
1419,45,Newsletter,104,4/19/2024,16,19,3026-532
3787,29,Blog,30,7/21/2023,9,19,302-80
2738,21,Video,58,9/3/2024,9,6,3029-372
4442,6,Socialmedia,77,10/18/2023,8,20,3034-346
1483,28,VIDEO,179,11/12/2023,6,7,3039-653
2001,14,SOCIALMEDIA,47,12/22/2024,1,2,3040-278
2853,43,socialmedia,18,9/25/2024,18,16,3041-360
1271,38,newsletter,0,6/27/2025,12,14,304-14
1781,7,video,317,5/21/2023,13,13,3042-749
1719,31,blog,112,7/13/2024,5,17,3043-538
1391,18,blog,71,9/12/2024,14,1,3047-492
4622,6,socialmedia,50,4/14/2024,18,2,3052-374
3364,21,Newsletter,36,4/5/2024,13,16,3053-290
2193,19,socialmedia,75,12/15/2023,5,16,3057-1034
1594,38,blog,30,6/26/2024,6,5,3057-245
3519,39,VIDEO,48,11/7/2024,11,5,3059-562
2799,29,Newsletter,23,12/17/2024,16,17,3060-247
4177,22,Newsletter,0,7/12/2025,5,2,306-13
666,14,socialmedia,9,12/31/2024,2,20,3062-162
918,3,newsletter,26,10/22/2024,2,18,3062-552
1237,32,BLOG,3,3/4/2025,2,7,306-28
115,31,Newsletter,113,5/17/2023,18,11,3068-1210
2342,35,VIDEO,148,12/16/2023,10,4,3069-615
3719,39,Video,145,7/29/2023,13,15,3069-809
829,46,Video,0,11/28/2025,2,11,307-14
493,14,socialmedia,74,8/29/2024,7,3,3071-537
1695,41,Blog,16,7/12/2024,9,3,3072-197
2926,4,NEWSLETTER,210,3/6/2023,3,20,3072-689
588,29,NEWSLETTER,172,2/7/2024,8,19,3073-667
2841,27,Blog,122,3/17/2024,11,13,3075-645
2305,26,newsletter,195,8/15/2023,9,2,3077-500
858,20,Video,0,12/27/2025,8,2,308-13
4327,11,VIDEO,0,6/25/2025,18,5,308-15
577,2,Socialmedia,329,4/10/2023,20,6,3081-849
4142,1,Newsletter,1,6/24/2025,20,9,308-19
2052,44,socialmedia,112,2/7/2023,19,9,3082-348
1353,18,VIDEO,24,12/14/2024,4,11,3083-224
808,37,Blog,58,1/8/2025,6,2,3083-446
855,10,Socialmedia,2,5/15/2024,15,12,308-35
2973,30,newsletter,43,12/3/2024,3,15,3085-548
2058,37,BLOG,157,8/20/2023,15,19,3086-848
2485,12,VIDEO,158,1/14/2023,18,1,3087-748
3647,23,Blog,38,3/10/2024,3,17,3088-340
3717,25,blog,197,3/10/2024,1,2,3088-714
2673,39,Newsletter,57,11/5/2024,20,15,3091-382
4464,49,Video,448,5/22/2023,2,5,3097-1114
1998,29,Video,229,9/25/2023,12,16,3101-843
911,32,socialmedia,121,6/30/2023,18,3,3103-995
4322,21,Blog,161,8/14/2023,16,11,3104-457
256,16,Blog,29,1/4/2025,15,15,3106-290
4277,9,Blog,56,4/10/2024,10,16,3110-412
1329,23,video,114,4/24/2024,16,1,3112-763
2170,15,blog,16,10/28/2024,17,3,3115-139
326,46,Blog,14,11/12/2024,1,9,3117-213
1712,10,Socialmedia,39,7/18/2024,9,7,3117-348
2939,18,VIDEO,35,2/12/2024,10,16,3117-512
2493,8,video,104,9/6/2023,12,10,3120-323
1114,7,newsletter,64,4/14/2024,4,9,3121-378
2111,2,SOCIALMEDIA,62,1/8/2025,14,19,3123-454
255,4,Newsletter,63,10/12/2024,19,4,3126-617
965,15,socialmedia,94,10/20/2023,19,18,3126-839
3619,41,socialmedia,140,8/24/2024,15,10,3128-702
924,36,blog,12,4/18/2023,1,18,313-104
2299,39,video,299,4/1/2023,11,20,3131-687
1028,39,Blog,231,3/7/2023,15,16,3132-955
114,32,Socialmedia,0,6/30/2025,18,18,314-12
1099,28,Newsletter,0,8/7/2025,6,13,314-12
762,18,NEWSLETTER,0,3/18/2025,3,6,314-14
2296,43,socialmedia,21,4/9/2023,3,11,314-140
1508,12,Newsletter,0,6/22/2025,20,6,314-18
87,8,BLOG,111,7/27/2024,2,2,3142-602
817,48,NEWSLETTER,83,6/10/2024,9,20,3147-565
3768,12,socialmedia,72,11/30/2024,19,14,3149-493
4449,41,video,275,2/17/2023,15,2,3149-848
3131,14,blog,0,12/22/2025,9,16,315-11
2627,25,Video,0,8/29/2025,17,11,315-13
3026,47,Socialmedia,50,2/16/2023,11,10,3152-307
2189,32,BLOG,13,1/17/2025,2,20,3154-113
4370,10,newsletter,33,8/5/2024,13,10,3155-160
4048,21,newsletter,121,5/23/2024,3,14,3156-529
1699,15,NEWSLETTER,15,8/29/2024,16,11,3158-220
872,11,blog,23,8/3/2024,1,19,3159-270
4342,47,socialmedia,39,8/20/2024,5,9,3159-290
2506,36,Newsletter,29,1/15/2025,15,8,3164-317
2734,48,socialmedia,40,8/12/2024,20,13,3169-233
1677,18,blog,10,12/26/2024,5,5,3170-236
1220,38,VIDEO,42,12/4/2024,2,2,3170-478
3633,10,Video,0,10/13/2025,3,15,317-11
709,46,Video,0,9/9/2025,2,5,317-14
2559,40,BLOG,0,12/2/2025,19,7,317-14
624,46,Newsletter,7,8/23/2024,6,14,317-44
3963,45,Newsletter,0,6/17/2025,2,3,317-7
1870,49,blog,300,4/25/2023,13,19,3178-819
4333,44,NEWSLETTER,0,9/16/2025,1,19,317-9
2214,50,video,29,11/5/2024,5,11,3179-274
1926,42,video,42,9/21/2024,7,12,3180-297
2576,14,video,22,12/28/2024,2,5,3181-166
2912,14,VIDEO,182,11/12/2023,8,15,3181-549
1381,11,BLOG,85,8/19/2024,16,10,3184-602
4542,32,blog,91,6/17/2024,12,19,3184-708
407,20,BLOG,0,9/4/2025,7,16,318-6
1904,28,VIDEO,25,10/7/2023,3,10,3186-250
2295,48,blog,41,9/11/2024,9,9,3187-280
2931,40,VIDEO,90,2/28/2024,9,9,3188-583
3333,24,Blog,27,7/28/2024,12,8,3189-390
1112,30,newsletter,97,1/22/2024,13,16,3189-904
2784,8,SOCIALMEDIA,0,10/5/2025,6,7,319-4
2348,49,BLOG,9,10/28/2024,16,19,319-52
296,37,socialmedia,169,2/15/2023,14,13,3196-1111
322,41,video,0,9/4/2025,15,4,32-0
2066,41,NEWSLETTER,123,7/27/2023,16,6,3200-580
4042,45,socialmedia,84,6/13/2024,6,12,3202-515
3427,1,Video,73,9/14/2024,14,9,3202-581
1026,6,Socialmedia,38,10/17/2024,15,10,3202-604
3994,40,VIDEO,38,7/9/2024,8,6,3204-286
371,14,Newsletter,39,8/1/2024,19,16,3206-245
4143,48,blog,430,2/2/2023,8,1,3208-1097
3344,32,blog,77,8/31/2024,3,1,3208-408
2167,37,NEWSLETTER,38,11/18/2024,19,11,3208-570
18,12,Video,0,10/26/2024,19,8,321-15
2820,49,blog,28,11/2/2024,4,6,3214-585
1923,3,Socialmedia,0,10/17/2025,9,19,321-8
1462,19,Blog,32,10/31/2023,19,3,321-97
1889,48,VIDEO,0,7/9/2025,6,4,32-2
3922,10,BLOG,0,3/12/2025,12,13,32-2
2150,37,SOCIALMEDIA,215,11/27/2023,7,1,3221-1045
3801,7,video,2,2/15/2025,2,16,322-16
2531,43,video,93,11/13/2023,7,1,3222-1016
1504,15,VIDEO,73,6/9/2024,2,18,3222-503
1842,39,Video,131,12/19/2023,20,16,3222-526
40,18,Video,215,4/2/2024,4,4,3222-793
3035,47,Socialmedia,38,11/20/2024,1,10,3224-325
3153,21,Video,204,1/10/2023,14,19,3224-924
27,42,Video,72,7/27/2024,4,3,3225-337
2063,27,BLOG,390,7/12/2023,18,6,3226-1062
4496,12,socialmedia,47,12/13/2023,19,17,3228-288
900,49,Blog,17,1/11/2024,11,5,322-84
2967,43,newsletter,0,11/18/2025,2,11,323-12
3436,16,socialmedia,0,11/17/2025,16,18,323-4
2256,23,Blog,68,11/13/2024,15,5,3236-600
3068,14,video,114,3/26/2023,19,7,3239-466
1965,4,blog,59,12/14/2024,3,15,3239-491
3231,2,socialmedia,49,7/11/2024,11,6,3240-218
1302,31,video,0,8/20/2025,14,5,324-16
3967,2,socialmedia,23,8/24/2024,17,15,3242-442
2141,32,socialmedia,67,11/10/2024,16,8,3242-530
4213,34,Socialmedia,33,12/7/2024,9,19,3246-242
4268,21,blog,16,11/25/2023,3,15,324-72
357,1,Socialmedia,31,10/11/2024,7,7,3251-157
1459,14,Blog,191,9/23/2023,6,18,3254-571
3339,8,Socialmedia,49,12/14/2024,14,14,3255-555
2552,40,Socialmedia,24,11/2/2024,20,18,3259-182
2860,10,Newsletter,272,1/17/2024,1,9,3260-1030
4441,35,Newsletter,46,10/8/2024,1,9,3262-400
683,11,SOCIALMEDIA,59,6/4/2024,18,9,3263-661
1778,37,socialmedia,176,6/4/2023,5,20,3264-474
2160,10,socialmedia,221,1/21/2024,10,4,3264-883
4262,8,socialmedia,28,10/4/2024,11,18,3265-317
2402,32,socialmedia,50,6/5/2024,17,10,3265-618
4478,22,video,0,7/1/2025,2,19,326-7
2951,2,Socialmedia,33,8/27/2024,15,11,3267-179
2631,38,newsletter,36,10/20/2024,16,3,3268-281
1252,3,socialmedia,0,11/17/2025,18,12,327-15
1599,34,Socialmedia,245,9/25/2023,16,20,3274-908
4267,10,Newsletter,17,10/18/2024,4,3,3275-238
417,29,Blog,43,5/9/2024,6,2,3275-256
4075,48,Socialmedia,39,8/6/2024,6,6,3277-357
3184,10,Video,84,6/9/2024,5,9,3278-796
768,40,VIDEO,216,5/31/2023,19,10,3278-881
2230,32,socialmedia,31,12/10/2024,16,19,3279-203
889,39,blog,305,5/3/2023,9,1,3280-1379
254,16,Video,0,9/18/2025,1,6,328-12
4023,14,Newsletter,7,3/26/2024,15,12,328-27
4066,47,Socialmedia,0,9/28/2025,7,11,328-3
3087,35,Socialmedia,161,12/3/2023,20,13,3283-1086
2556,20,Blog,28,12/14/2024,19,3,3284-337
1257,47,Newsletter,24,12/22/2024,10,10,3289-162
1790,41,Socialmedia,114,5/8/2024,5,5,3289-440
614,14,Video,258,10/12/2023,11,2,3290-1006
2693,7,Blog,0,8/12/2025,18,6,329-6
907,19,NEWSLETTER,161,9/20/2023,16,7,3296-632
1221,30,Socialmedia,76,8/11/2024,14,4,3298-524
740,50,video,0,11/25/2025,1,14,33-0
3111,21,Newsletter,0,7/29/2025,1,8,330-18
2732,44,SOCIALMEDIA,91,6/1/2023,15,11,3302-403
3428,35,VIDEO,9,11/1/2024,15,5,3308-151
2530,3,Blog,0,8/10/2025,11,1,33-1
1629,21,NEWSLETTER,1,7/18/2025,12,7,331-25
2585,19,blog,197,4/15/2024,13,15,3312-787
2116,42,Video,61,2/20/2024,18,4,3314-618
2682,27,NEWSLETTER,25,10/7/2024,7,17,3315-544
3498,6,NEWSLETTER,0,7/3/2025,16,12,332-11
4377,26,Newsletter,87,7/24/2024,10,4,3323-458
478,43,Socialmedia,39,10/17/2024,8,13,3326-410
1343,24,BLOG,105,6/27/2024,19,10,3326-453
2744,32,Newsletter,20,1/3/2023,15,16,333-150
4329,44,newsletter,0,1/15/2025,4,4,333-17
1175,20,SOCIALMEDIA,155,5/20/2024,10,14,3331-756
3714,20,Newsletter,128,9/5/2024,18,20,3335-607
90,35,Video,595,5/25/2023,7,9,3338-1402
2735,28,newsletter,29,7/11/2024,5,11,3341-214
4098,20,video,1,4/6/2025,9,13,334-32
3556,13,newsletter,25,12/15/2024,19,4,3343-209
3882,14,newsletter,73,4/2/2024,2,19,3343-620
1983,12,NEWSLETTER,0,11/8/2025,18,17,334-8
3561,1,Video,78,10/2/2023,7,9,3351-315
3576,8,Blog,96,8/2/2023,2,16,3351-321
466,20,blog,52,6/4/2024,7,8,3351-359
3125,26,Newsletter,77,11/3/2024,13,13,3351-456
1637,27,VIDEO,37,6/3/2024,10,16,3353-586
528,1,socialmedia,0,7/27/2025,19,4,335-8
193,30,blog,26,7/28/2024,9,2,3358-400
1458,8,VIDEO,0,7/20/2025,18,5,335-9
3538,17,Socialmedia,164,4/17/2024,9,14,3361-854
3775,4,Blog,17,8/13/2024,6,2,3362-338
603,42,blog,0,11/26/2025,8,14,336-3
2696,27,video,37,9/7/2024,11,12,3366-254
4160,46,video,0,11/3/2025,11,3,336-7
1298,38,VIDEO,49,2/8/2024,1,7,3367-280
4533,28,Socialmedia,47,4/5/2024,16,15,3367-615
4107,30,blog,140,5/4/2024,13,12,3367-651
1058,6,socialmedia,106,8/22/2024,6,19,3368-588
554,30,Socialmedia,329,12/22/2023,4,6,3370-1112
3135,47,Blog,347,8/3/2023,20,1,3374-1056
1235,25,Socialmedia,218,4/13/2023,20,1,3374-1521
4164,47,Newsletter,4,3/14/2024,17,16,337-42
1105,35,blog,193,5/30/2023,20,7,3374-720
329,18,Video,197,4/27/2024,3,19,3374-773
992,12,Blog,0,7/24/2025,12,19,337-7
3810,11,Socialmedia,30,11/23/2024,1,11,3380-395
2041,43,Socialmedia,0,6/6/2025,10,15,338-15
606,41,VIDEO,106,10/2/2024,10,15,3381-576
355,38,VIDEO,54,11/7/2024,6,2,3382-532
748,47,blog,42,4/7/2024,6,8,3383-574
1771,13,Newsletter,46,12/18/2024,17,3,3384-371
2356,32,BLOG,100,9/11/2023,20,12,3393-734
1636,47,SOCIALMEDIA,175,12/26/2023,10,19,3394-1017
3951,35,Blog,287,4/25/2023,13,13,3395-1021
1911,38,NEWSLETTER,108,4/8/2023,5,14,3395-399
2444,42,newsletter,326,9/19/2023,10,2,3397-1044
4077,13,socialmedia,227,8/2/2023,10,15,3397-897
2789,4,BLOG,114,7/7/2024,2,2,3399-758
3849,11,Blog,165,11/16/2023,17,11,3402-910
4074,23,Newsletter,262,2/28/2023,4,6,3403-1445
1324,49,Video,370,4/1/2023,18,18,3407-1027
1492,18,NEWSLETTER,51,11/13/2023,3,1,3409-543
1805,2,SOCIALMEDIA,144,4/24/2024,6,1,3412-947
2263,34,Socialmedia,8,10/19/2024,5,19,341-52
4612,23,Video,16,10/14/2024,13,10,3416-307
2288,19,Socialmedia,162,7/2/2023,1,15,3418-426
3927,48,SOCIALMEDIA,0,6/13/2025,7,5,341-9
3476,38,Socialmedia,32,9/10/2024,4,14,3419-311
3249,22,NEWSLETTER,0,5/16/2025,2,12,34-2
1202,34,VIDEO,116,1/4/2024,18,6,3421-406
3386,12,newsletter,380,6/22/2023,17,9,3423-1328
1869,43,Newsletter,0,9/14/2025,5,16,342-4
3772,47,blog,113,6/12/2023,11,16,3424-308
4538,39,blog,5,1/14/2025,5,4,342-45
2736,26,newsletter,4,7/19/2024,20,19,342-59
3582,6,Blog,45,1/30/2024,4,5,3426-405
3547,19,newsletter,160,3/1/2024,10,15,3426-577
3527,1,newsletter,100,8/23/2024,7,6,3427-483
1268,40,video,41,10/10/2024,20,14,3428-262
1222,16,Newsletter,61,12/11/2024,5,4,3428-588
1674,28,SOCIALMEDIA,17,5/5/2024,11,7,3430-228
4170,11,Newsletter,338,3/13/2023,12,8,3432-1092
3913,1,Blog,79,9/5/2024,15,1,3432-365
1258,10,VIDEO,63,9/5/2024,12,14,3432-488
3112,22,BLOG,159,1/30/2023,7,15,3432-831
3852,31,Blog,21,11/17/2024,16,16,3435-353
3696,18,Newsletter,394,9/22/2023,7,8,3436-1056
1729,24,Socialmedia,202,3/25/2024,19,19,3437-810
735,1,Blog,128,8/26/2024,6,17,3440-756
2414,29,blog,0,12/19/2025,11,13,344-16
1638,3,VIDEO,195,9/26/2023,6,4,3441-986
2304,6,blog,147,1/15/2023,7,6,3446-1161
3335,40,VIDEO,59,10/27/2024,6,6,3447-353
1254,21,BLOG,22,9/20/2024,14,11,3450-411
2687,49,BLOG,59,8/2/2023,1,13,3451-368
1068,18,BLOG,0,8/19/2025,17,14,345-6
2850,45,video,0,8/3/2025,10,6,345-7
1319,12,Newsletter,15,11/30/2024,14,13,3459-341
2782,21,blog,0,8/27/2025,15,14,346-12
4280,23,video,0,11/20/2025,17,11,346-4
2370,22,blog,35,6/23/2023,9,1,3466-420
2621,48,newsletter,252,4/14/2023,20,16,3467-841
344,15,Blog,0,11/4/2025,16,10,347-16
2207,21,Socialmedia,62,2/26/2024,8,1,3475-698
715,20,Newsletter,27,6/19/2024,15,11,3476-294
2999,19,video,26,6/6/2024,19,7,3478-325
1322,39,BLOG,59,9/7/2023,6,1,3479-579
2325,17,video,38,10/13/2024,10,2,3480-409
2298,17,socialmedia,125,10/9/2024,9,20,3481-659
1364,8,Video,401,2/16/2023,6,15,3483-1576
2225,14,video,0,10/21/2025,11,11,348-4
4390,39,Video,599,5/11/2023,2,10,3484-1452
1361,13,Video,20,7/11/2024,1,7,3485-314
4519,25,Video,38,12/12/2024,7,1,3486-387
3944,40,Newsletter,496,1/12/2023,2,13,3487-1251
3984,32,Newsletter,30,9/30/2024,10,15,3489-150
397,18,Newsletter,487,5/20/2023,18,9,3491-1278
693,17,Socialmedia,108,4/10/2024,20,7,3491-555
608,33,socialmedia,62,7/29/2023,16,6,3491-635
1029,8,SOCIALMEDIA,1,7/28/2025,13,18,349-20
1685,28,Newsletter,1,7/22/2025,3,2,349-20
792,47,VIDEO,297,12/3/2023,3,12,3493-1118
2218,23,SOCIALMEDIA,300,7/7/2023,8,9,3493-1187
2145,47,socialmedia,8,11/6/2024,7,19,3493-187
2831,15,BLOG,61,4/24/2024,14,8,3493-603
2977,33,VIDEO,45,11/20/2024,4,1,3494-294
2226,6,NEWSLETTER,7,10/13/2023,14,2,349-43
1532,7,blog,8,9/24/2023,19,14,349-77
1605,34,Blog,63,9/20/2024,6,17,3500-341
423,10,blog,130,11/29/2023,16,6,3504-1178
702,23,Blog,170,6/8/2023,11,16,3505-796
1436,13,socialmedia,318,8/2/2023,11,20,3507-1283
1158,33,SOCIALMEDIA,134,6/3/2023,6,20,3508-610
596,20,NEWSLETTER,90,12/1/2024,13,17,3510-604
99,26,Blog,119,4/15/2024,17,4,3511-479
1897,5,NEWSLETTER,4,12/5/2023,18,14,351-28
4248,40,Socialmedia,52,7/26/2024,13,5,3516-593
2700,36,Blog,79,9/24/2023,17,13,3516-872
1831,9,VIDEO,402,3/13/2023,9,5,3517-1347
4181,38,NEWSLETTER,262,11/7/2023,3,18,3519-1237
2266,42,Newsletter,39,3/30/2024,12,6,3519-259
3878,40,Video,93,9/22/2024,1,15,3520-742
1270,38,VIDEO,136,7/20/2024,13,1,3521-588
1142,37,Blog,134,6/12/2023,6,4,3523-904
4119,30,SOCIALMEDIA,316,1/23/2023,18,6,3530-738
1334,14,newsletter,0,11/6/2025,20,17,353-15
2904,32,socialmedia,348,8/14/2023,12,8,3532-1204
2147,17,socialmedia,49,9/1/2024,14,16,3532-263
739,39,Socialmedia,476,2/25/2023,12,1,3533-1370
2648,10,video,0,10/7/2025,7,5,353-7
3580,38,Newsletter,209,1/10/2023,10,19,3540-887
2628,30,newsletter,0,3/30/2025,4,2,354-10
2664,46,blog,165,5/16/2023,4,3,3541-1296
3873,3,newsletter,75,6/2/2024,10,19,3542-565
896,47,socialmedia,135,5/6/2024,13,17,3544-642
627,14,SOCIALMEDIA,109,7/23/2024,9,2,3547-805
2607,36,Socialmedia,129,11/12/2023,16,13,3548-1019
175,4,video,16,6/10/2024,15,16,3550-300
2165,41,socialmedia,53,3/7/2024,19,17,3552-248
1281,16,NEWSLETTER,8,12/17/2023,10,11,355-28
1718,21,socialmedia,79,6/27/2024,3,12,3552-882
1301,47,socialmedia,65,1/30/2024,17,8,3555-444
617,33,Newsletter,26,12/1/2024,4,7,3555-502
2070,41,newsletter,28,1/13/2024,5,5,3557-234
4002,18,video,46,9/5/2024,12,6,3557-689
2054,37,Video,430,1/17/2023,14,17,3560-1267
481,27,Blog,206,8/16/2023,15,10,3561-1185
1819,14,socialmedia,139,11/14/2023,4,2,3562-446
4007,43,Blog,32,8/12/2024,5,7,3565-301
2858,33,Video,152,7/9/2024,2,9,3565-677
1882,43,blog,0,4/29/2025,18,18,356-8
4465,10,newsletter,80,10/8/2024,2,13,3569-411
4203,44,SOCIALMEDIA,85,1/15/2024,16,6,3574-530
573,30,newsletter,0,10/23/2025,16,11,357-5
737,9,Newsletter,277,5/7/2023,20,8,3576-1116
4193,10,Socialmedia,70,11/7/2024,13,10,3576-417
1607,7,NEWSLETTER,198,11/8/2023,20,16,3582-716
1967,14,SOCIALMEDIA,0,11/1/2025,11,20,358-7
3334,48,Video,0,11/6/2025,6,18,358-7
3816,5,NEWSLETTER,0,12/5/2025,11,20,358-9
1413,46,Socialmedia,74,3/29/2024,3,19,3591-465
961,30,socialmedia,0,9/5/2025,6,17,359-16
443,5,Socialmedia,97,11/5/2024,8,12,3591-613
3685,3,Video,0,9/9/2025,14,5,359-17
134,1,Socialmedia,0,9/8/2025,11,14,359-18
3121,10,VIDEO,449,2/25/2023,9,13,3592-1027
2313,4,Blog,77,10/13/2024,11,9,3592-435
4374,47,BLOG,299,11/21/2023,2,15,3593-1160
1193,28,Socialmedia,172,9/8/2023,11,18,3593-862
3933,24,BLOG,22,5/31/2024,4,18,3594-265
1232,3,SOCIALMEDIA,74,11/11/2023,9,15,3594-398
4022,37,Socialmedia,107,12/7/2023,8,5,3595-368
3537,41,video,200,1/24/2024,5,2,3595-716
4145,38,Socialmedia,193,9/8/2023,2,2,3599-861
4419,5,Newsletter,0,9/19/2025,7,7,360-10
1977,34,Socialmedia,138,10/8/2023,12,13,3602-1164
2293,40,SOCIALMEDIA,87,6/7/2024,5,13,3605-539
2077,46,blog,236,11/4/2023,6,17,3608-1008
1043,20,newsletter,36,6/2/2024,14,1,3609-232
15,16,Socialmedia,0,10/20/2025,6,19,36-1
1205,49,Socialmedia,0,10/18/2025,17,8,361-11
913,32,NEWSLETTER,0,11/5/2024,5,3,361-14
2766,2,Newsletter,0,8/20/2025,13,10,361-15
2745,32,VIDEO,309,8/14/2023,12,18,3612-1001
4354,5,VIDEO,7,3/3/2024,11,3,361-36
1701,23,video,51,8/22/2024,11,16,3614-230
2963,37,socialmedia,134,6/7/2024,18,12,3614-662
159,29,Socialmedia,9,10/4/2024,5,18,361-64
4576,35,socialmedia,94,8/7/2024,17,8,3616-761
1612,24,socialmedia,68,8/11/2024,11,13,3619-417
824,11,socialmedia,22,9/10/2024,13,10,3622-164
3322,40,socialmedia,58,10/16/2024,8,9,3624-658
2212,16,Video,0,11/6/2025,1,3,362-5
85,34,Video,0,5/8/2025,18,20,36-3
4551,14,Blog,0,8/26/2025,7,2,363-14
79,36,video,397,4/26/2023,9,16,3632-1500
529,40,SOCIALMEDIA,147,1/27/2024,18,3,3633-668
1766,28,video,223,10/27/2023,10,3,3633-878
4595,19,Video,223,12/15/2023,14,7,3634-1024
1714,19,BLOG,80,5/21/2024,19,8,3635-346
43,34,Newsletter,92,8/12/2023,8,1,3640-370
2039,15,Blog,13,8/13/2024,5,14,3641-257
1738,18,Socialmedia,2,6/10/2025,10,20,364-27
2941,20,SOCIALMEDIA,14,9/5/2024,16,4,3643-200
801,36,Socialmedia,88,1/11/2024,16,16,3646-648
787,40,Video,132,4/1/2024,11,11,3650-603
24,38,Newsletter,65,5/20/2024,8,16,3651-377
1057,13,blog,192,5/30/2024,12,16,3651-903
4398,39,Blog,66,5/24/2024,14,19,3651-933
284,30,Video,41,11/1/2024,1,7,3654-231
3710,37,video,60,1/1/2024,14,17,3656-364
1362,20,Blog,77,12/25/2023,19,9,3658-574
1575,22,blog,120,7/16/2023,10,4,3659-650
4232,35,Blog,402,2/9/2023,18,14,3661-911
2244,47,newsletter,1,7/16/2025,3,5,366-21
2098,28,Blog,119,4/19/2024,7,16,3662-430
3827,46,video,97,11/10/2023,17,20,3662-889
1692,10,SOCIALMEDIA,119,2/17/2023,6,15,3662-918
1433,24,Socialmedia,200,7/27/2023,14,19,3663-1371
3667,17,Newsletter,0,12/14/2025,1,20,366-4
1179,38,Newsletter,0,12/26/2025,11,10,366-6
4062,22,SOCIALMEDIA,43,11/5/2024,10,2,3666-546
2532,9,blog,137,9/24/2024,12,16,3669-707
1797,19,Video,0,7/11/2025,18,19,367-15
699,35,Blog,224,3/3/2024,11,3,3671-859
3917,15,video,60,11/6/2024,14,9,3672-621
439,23,Blog,66,5/11/2024,13,14,3674-281
1527,46,socialmedia,219,6/25/2023,7,5,3675-1326
772,34,blog,0,8/7/2025,10,1,367-9
2562,2,NEWSLETTER,0,9/4/2025,8,19,368-16
3139,50,socialmedia,0,5/13/2025,16,13,368-18
3408,20,blog,262,9/3/2023,2,14,3684-705
1885,41,Newsletter,57,4/30/2024,18,10,3685-468
4347,36,BLOG,48,6/3/2024,17,7,3687-630
356,23,blog,94,1/21/2024,2,5,3688-808
555,47,SOCIALMEDIA,21,6/27/2024,11,13,3690-287
2649,17,blog,0,11/25/2025,15,2,369-15
3978,49,Blog,0,8/10/2025,13,20,369-16
2791,12,Newsletter,81,5/28/2024,1,2,3697-695
1722,10,newsletter,83,3/1/2024,7,16,3699-432
1959,31,socialmedia,160,8/4/2024,18,5,3700-768
3676,25,newsletter,128,1/23/2024,11,1,3700-819
2602,5,socialmedia,73,8/12/2024,14,19,3703-393
2259,13,Video,61,8/15/2023,7,13,3708-684
3631,24,Blog,25,2/22/2024,17,11,3710-365
410,23,socialmedia,105,9/8/2024,20,2,3711-543
3294,21,Video,349,1/25/2023,11,7,3712-719
258,32,socialmedia,132,10/28/2023,7,3,3715-1027
4523,21,video,55,5/4/2024,16,17,3720-753
655,45,Newsletter,27,6/26/2024,14,7,3722-552
796,8,socialmedia,545,4/28/2023,15,11,3724-1533
3640,38,video,13,1/31/2023,14,9,372-87
3658,15,Video,279,2/15/2023,8,20,3732-1453
2220,27,newsletter,14,10/22/2024,2,8,3732-149
1962,26,Socialmedia,53,6/15/2024,17,5,3736-311
3052,8,Newsletter,70,10/4/2024,11,12,3736-708
2272,3,VIDEO,14,3/12/2024,3,2,373-97
4425,23,Blog,41,7/24/2024,10,12,3745-208
1370,27,video,153,8/12/2023,16,14,3746-409
1021,18,socialmedia,101,11/9/2023,18,17,3746-591
1467,49,VIDEO,0,8/6/2025,1,6,375-13
2018,9,SOCIALMEDIA,285,4/19/2023,5,18,3754-1215
640,22,Newsletter,3,8/8/2024,5,18,375-53
2142,27,Blog,34,10/19/2024,19,14,3755-484
3169,50,SOCIALMEDIA,0,10/12/2025,2,5,375-8
929,33,VIDEO,8,7/10/2024,17,2,375-91
1260,2,socialmedia,5,8/16/2024,3,1,376-38
3598,39,socialmedia,11,1/12/2024,18,17,376-42
862,4,Video,66,10/16/2024,4,10,3767-484
3321,17,Newsletter,103,5/7/2023,17,18,3769-471
3722,8,Socialmedia,247,2/3/2023,9,18,3770-880
3486,43,Blog,40,11/1/2024,12,20,3772-442
2985,25,newsletter,141,9/5/2024,19,20,3774-776
3041,10,Newsletter,0,10/21/2025,17,15,377-5
979,19,Socialmedia,179,10/25/2023,19,15,3775-575
4118,26,Newsletter,0,9/18/2025,18,3,377-9
780,30,blog,0,12/5/2025,5,10,378-17
1984,7,NEWSLETTER,0,4/15/2025,1,10,378-21
318,34,socialmedia,1,6/20/2025,12,20,378-29
1236,39,VIDEO,99,9/19/2023,15,8,3785-714
4259,35,Socialmedia,5,10/15/2023,11,11,378-63
571,18,Newsletter,77,12/23/2023,8,1,3789-1005
3884,11,Blog,133,5/1/2024,7,17,3790-535
212,17,Blog,3,12/6/2024,18,16,379-20
2571,4,Newsletter,91,11/7/2024,16,19,3795-512
843,44,newsletter,48,8/2/2024,19,3,3795-620
1198,12,NEWSLETTER,65,7/13/2024,7,20,3798-336
3728,12,video,134,7/7/2023,4,9,3798-578
91,8,Blog,9,5/26/2024,7,13,379-95
1533,44,BLOG,0,7/17/2025,1,19,38-0
4176,5,Video,99,8/6/2023,20,2,3800-567
3693,23,Newsletter,1,7/5/2025,16,17,380-17
4351,1,Socialmedia,110,1/26/2024,10,9,3803-1081
1836,28,Socialmedia,164,3/1/2023,17,20,3803-499
4601,4,VIDEO,115,5/30/2024,11,20,3803-595
2690,34,Socialmedia,258,6/14/2023,16,1,3805-913
3844,1,Newsletter,125,8/9/2024,7,15,3807-731
235,22,newsletter,78,8/12/2024,2,19,3808-520
3624,32,socialmedia,92,5/25/2024,7,16,3809-690
2261,39,Video,156,2/2/2024,2,13,3812-619
2949,1,Socialmedia,7,3/18/2024,14,3,381-36
4337,21,Blog,148,4/17/2024,8,1,3813-889
457,36,Socialmedia,67,4/17/2024,16,1,3815-1077
3377,28,newsletter,264,5/15/2024,7,1,3815-989
1213,46,NEWSLETTER,11,4/2/2024,16,19,381-69
500,48,SOCIALMEDIA,194,1/25/2023,18,13,3819-958
2206,19,BLOG,16,5/3/2023,13,19,382-139
3588,31,BLOG,0,12/14/2025,17,17,382-15
2188,5,socialmedia,1,7/13/2025,12,3,382-24
1119,38,VIDEO,58,9/30/2024,7,10,3822-536
4109,32,socialmedia,66,10/6/2024,10,14,3823-374
2640,23,Socialmedia,101,7/10/2024,19,6,3823-494
3880,36,blog,4,11/24/2024,7,8,382-47
243,2,Newsletter,336,4/5/2023,6,3,3829-1284
791,7,NEWSLETTER,257,3/16/2024,13,5,3830-1110
2953,23,Newsletter,0,9/2/2025,13,19,383-13
1726,24,Video,145,4/26/2023,2,19,3831-535
1795,6,socialmedia,0,12/7/2025,4,8,383-4
1668,36,Video,0,11/6/2025,6,12,384-15
3485,4,Socialmedia,39,8/5/2024,6,1,3842-190
1543,19,newsletter,1,5/19/2025,5,11,384-38
1881,19,video,24,5/23/2024,17,13,3848-369
3421,40,BLOG,33,10/12/2024,3,1,3849-167
3255,10,SOCIALMEDIA,0,12/24/2025,6,1,385-18
1574,45,newsletter,5,8/19/2024,19,5,385-24
1070,33,NEWSLETTER,81,9/9/2024,12,1,3852-432
654,12,Blog,326,12/29/2023,12,4,3855-976
2521,7,Blog,76,3/15/2024,6,16,3859-738
1011,9,Blog,82,8/22/2024,13,18,3860-491
1101,37,NEWSLETTER,117,1/26/2024,2,8,3862-1164
3412,2,socialmedia,6,3/31/2024,19,4,386-33
1388,38,newsletter,112,1/29/2024,9,8,3864-761
1654,39,Blog,351,5/4/2023,20,10,3864-825
4128,31,SOCIALMEDIA,0,10/28/2025,1,3,386-6
1474,39,Socialmedia,371,9/9/2023,16,14,3869-1072
2979,49,BLOG,204,1/8/2023,17,10,3874-1018
3814,21,Newsletter,40,4/25/2024,18,3,3874-445
1868,9,blog,61,4/3/2024,2,17,3875-494
3415,40,Newsletter,22,3/26/2023,7,3,387-69
704,24,newsletter,52,8/21/2023,1,10,3878-442
3669,10,BLOG,30,8/4/2024,7,13,3879-617
3644,41,Blog,483,5/29/2023,1,4,3884-1675
1348,29,Socialmedia,267,4/6/2023,10,19,3893-1415
2020,13,SOCIALMEDIA,48,8/19/2024,1,18,3895-375
2861,13,SOCIALMEDIA,158,9/26/2024,8,15,3896-798
2354,14,Socialmedia,312,11/15/2023,8,17,3896-927
4009,7,NEWSLETTER,103,10/13/2023,20,10,3898-857
3756,14,blog,129,5/11/2023,2,18,3900-368
3646,33,newsletter,75,6/16/2024,5,4,3901-923
3916,29,SOCIALMEDIA,21,7/27/2024,4,5,3906-252
178,21,newsletter,95,9/11/2023,11,13,3906-465
4032,38,socialmedia,199,2/8/2023,6,1,3907-1506
1749,18,Blog,129,10/18/2024,2,1,3912-677
2476,23,Socialmedia,308,4/6/2023,2,19,3915-1201
4204,46,Newsletter,7,9/13/2023,12,6,391-59
3229,42,socialmedia,83,10/4/2024,12,16,3920-576
1546,18,Blog,0,9/30/2025,15,12,392-14
3161,10,Socialmedia,37,10/21/2024,3,7,3923-339
153,41,blog,0,12/15/2025,6,16,392-5
1464,45,Newsletter,300,4/22/2023,16,15,3926-1740
3106,47,Blog,24,8/29/2024,18,14,3928-321
250,9,Video,708,3/1/2023,17,15,3931-1744
1211,4,socialmedia,177,9/20/2023,9,20,3932-525
143,34,Blog,273,10/22/2023,8,1,3932-784
1658,33,Video,287,9/8/2023,14,16,3933-1509
3329,12,NEWSLETTER,64,6/25/2024,8,13,3933-364
1914,13,NEWSLETTER,142,3/12/2024,4,6,3935-1057
2569,46,BLOG,25,4/25/2024,13,13,3935-252
2942,1,newsletter,162,4/2/2024,8,7,3936-801
3399,41,newsletter,0,7/30/2025,5,3,393-8
551,30,Newsletter,150,8/25/2023,18,12,3941-406
1487,16,Blog,145,5/31/2024,1,4,3941-575
4438,20,Blog,250,9/3/2023,20,15,3941-829
2015,23,Video,0,3/19/2025,15,15,394-28
2480,46,Video,4,3/16/2024,12,7,394-28
3678,4,SOCIALMEDIA,0,12/19/2025,7,19,394-6
4175,30,Socialmedia,105,4/25/2024,10,19,3946-648
828,12,Video,618,2/5/2023,14,11,3950-1667
2312,24,Video,0,11/5/2025,7,7,395-10
4202,8,VIDEO,15,6/12/2024,19,13,3951-250
1931,43,Socialmedia,501,9/2/2023,7,1,3953-1506
3845,4,blog,2,5/19/2025,4,9,395-38
4019,31,blog,18,10/14/2024,1,6,3955-165
4613,13,VIDEO,478,4/12/2023,11,7,3958-1131
2742,37,Blog,42,3/16/2023,6,3,396-137
119,45,BLOG,117,7/12/2023,11,15,3962-426
1559,39,BLOG,12,9/8/2023,8,12,396-41
2215,24,video,243,12/27/2023,5,17,3964-927
3208,8,VIDEO,207,8/27/2023,10,11,3967-1411
4472,30,NEWSLETTER,276,3/26/2024,3,20,3969-1150
3160,13,BLOG,143,8/21/2023,18,2,3971-949
4323,41,video,212,1/21/2023,4,1,3974-1146
4525,9,blog,5,1/4/2025,5,17,397-64
4078,8,BLOG,39,9/3/2024,1,7,3977-686
3570,31,Video,272,7/6/2023,13,8,3980-1304
4293,14,Video,586,3/15/2023,19,13,3981-1527
2264,13,BLOG,199,5/24/2024,8,1,3981-863
1863,29,newsletter,33,10/15/2024,9,14,3984-702
437,43,Blog,71,3/7/2024,5,11,3986-307
301,3,Newsletter,69,12/17/2023,19,10,3988-570
3093,26,newsletter,191,12/29/2023,13,6,3994-1246
4315,49,Newsletter,87,4/21/2024,8,16,3994-378
3811,50,socialmedia,213,6/6/2023,1,16,3995-1317
2781,32,video,110,2/7/2024,11,19,3995-552
643,28,Socialmedia,257,10/26/2023,4,7,3996-969
4185,33,SOCIALMEDIA,0,12/8/2025,19,11,399-9
3434,42,Socialmedia,269,7/24/2023,7,13,4000-1007
3870,4,Blog,132,2/21/2024,1,20,4000-1127
4018,9,VIDEO,273,9/8/2023,19,8,4001-1037
2034,28,Newsletter,16,1/1/2024,7,1,400-114
1943,48,video,3,11/20/2024,18,7,400-18
3132,39,Blog,1,11/6/2024,4,9,400-25
1354,43,SOCIALMEDIA,265,4/8/2023,9,13,4002-939
2729,15,video,95,1/6/2023,10,15,4004-756
1151,44,Video,150,3/9/2024,13,18,4006-586
3118,34,Newsletter,286,9/24/2023,15,10,4007-788
1892,20,socialmedia,0,3/30/2025,4,14,401-10
3309,42,blog,472,8/25/2023,4,18,4011-1494
4485,47,NEWSLETTER,0,7/13/2025,18,11,401-17
129,7,Blog,2,8/17/2024,5,1,401-30
2986,23,Video,285,11/30/2023,15,15,4019-1014
1366,9,newsletter,83,11/13/2023,19,11,4019-394
3765,49,BLOG,0,10/30/2025,7,1,402-16
910,19,VIDEO,474,6/9/2023,8,11,4025-1169
2489,7,video,85,6/8/2024,13,1,4029-791
4037,49,Socialmedia,35,10/10/2024,9,3,4031-495
3550,46,SOCIALMEDIA,3,4/30/2025,20,20,403-28
1653,39,video,0,9/17/2025,3,4,403-4
3218,46,Blog,4,2/19/2025,3,19,403-52
4104,3,blog,64,8/10/2024,8,9,4035-659
2821,45,Blog,223,5/31/2024,13,15,4035-934
2030,7,socialmedia,318,3/6/2023,1,8,4036-1459
1185,25,newsletter,73,3/3/2023,10,15,4036-579
2463,8,Socialmedia,287,1/22/2023,19,4,4036-810
3058,32,Blog,91,5/11/2024,19,12,4037-436
3248,37,BLOG,0,5/8/2025,16,10,403-9
3276,47,Video,57,11/13/2023,2,18,4039-339
73,10,socialmedia,0,4/6/2025,18,3,40-4
60,1,socialmedia,0,10/15/2025,19,7,404-15
4324,19,Blog,81,9/2/2023,10,12,4042-763
2849,1,BLOG,279,11/19/2023,18,8,4045-920
4456,38,newsletter,125,9/8/2023,20,4,4049-1439
4467,30,blog,63,5/9/2024,6,10,4049-966
3652,37,Newsletter,0,10/8/2025,15,12,405-16
1084,33,blog,250,7/31/2023,16,6,4052-920
696,14,video,143,1/3/2023,4,11,4053-1261
2560,21,NEWSLETTER,252,6/16/2023,5,20,4057-1220
2199,27,video,169,3/24/2024,5,16,4058-832
484,30,Socialmedia,67,4/28/2024,1,7,4059-459
1251,27,Blog,102,3/14/2023,20,17,4060-476
4345,49,socialmedia,1,1/7/2025,12,13,406-15
1245,17,Socialmedia,48,7/31/2024,20,10,4064-367
3789,37,Newsletter,133,9/18/2023,5,13,4066-473
1246,27,VIDEO,0,11/29/2025,8,2,406-8
1146,42,blog,10,2/15/2024,10,10,406-82
2388,18,Socialmedia,127,7/20/2023,10,2,4070-1154
3379,24,SOCIALMEDIA,7,4/3/2024,5,20,407-115
3025,26,video,121,6/30/2024,10,7,4074-860
4307,15,Newsletter,203,3/22/2024,16,4,4074-945
3473,41,socialmedia,108,5/21/2023,3,9,4076-822
180,39,Blog,113,1/18/2024,11,12,4079-473
2575,11,socialmedia,111,5/3/2024,2,20,4079-550
3240,44,video,82,7/26/2024,10,19,4079-624
634,9,Blog,0,5/24/2025,3,17,408-14
4147,38,socialmedia,0,12/5/2025,14,10,408-19
2445,13,Video,748,2/26/2023,15,16,4084-1741
986,49,video,42,10/4/2024,18,6,4084-325
4506,36,Video,101,5/16/2024,2,14,4088-722
877,22,Video,48,3/12/2024,18,7,4090-345
3708,41,newsletter,0,11/19/2025,16,2,409-13
559,4,Video,1,3/21/2025,12,11,409-15
1398,11,socialmedia,0,8/26/2025,12,3,409-15
2412,22,SOCIALMEDIA,56,7/25/2024,10,13,4091-740
1745,26,socialmedia,77,5/8/2024,19,16,4093-835
1446,44,NEWSLETTER,42,11/27/2023,15,6,4096-458
74,6,Newsletter,64,8/22/2023,7,7,4098-761
1466,14,Video,7,6/8/2024,11,11,409-89
2081,41,SOCIALMEDIA,94,2/15/2024,9,2,4103-404
3211,2,socialmedia,0,9/16/2025,7,10,410-4
2507,49,Newsletter,116,2/17/2024,6,15,4104-612
710,22,socialmedia,70,9/27/2023,2,20,4104-632
917,40,Newsletter,5,8/21/2024,4,15,410-82
1429,4,Socialmedia,83,9/1/2024,9,1,4108-462
4088,19,Newsletter,0,12/22/2025,4,2,411-14
4178,2,Blog,0,9/14/2025,17,14,411-16
3699,8,video,68,8/23/2024,15,14,4113-415
2000,43,Blog,177,1/30/2024,17,8,4113-979
4156,23,NEWSLETTER,68,10/3/2024,5,12,4114-482
712,17,blog,0,12/19/2025,16,9,411-6
3349,43,BLOG,165,5/2/2024,17,2,4117-870
1244,43,BLOG,39,9/14/2024,6,15,4120-758
2086,14,Newsletter,63,8/28/2024,17,15,4123-349
409,28,Blog,4,2/25/2024,13,5,412-37
1624,39,Blog,167,4/25/2023,7,7,4123-840
2885,27,VIDEO,0,8/13/2025,8,19,412-5
4325,12,socialmedia,0,9/6/2025,12,20,412-5
1727,16,Blog,241,7/30/2023,3,11,4127-965
2609,42,Socialmedia,142,11/25/2023,17,7,4129-440
1371,36,Newsletter,0,10/17/2025,12,1,413-11
1597,13,VIDEO,112,8/3/2023,14,1,4135-458
2644,4,Blog,152,3/20/2024,3,20,4136-1100
4546,7,newsletter,0,12/14/2025,6,7,413-7
3591,43,video,154,10/30/2023,7,3,4139-495
2812,21,VIDEO,302,7/14/2023,18,1,4141-1516
1027,14,Video,79,9/30/2024,1,15,4142-685
1409,35,Socialmedia,160,1/11/2024,9,12,4142-965
4183,48,Blog,73,7/21/2024,19,2,4144-670
1293,39,video,0,6/17/2025,20,4,415-10
133,44,VIDEO,2,4/18/2025,18,6,415-34
1066,6,SOCIALMEDIA,140,10/8/2023,13,15,4153-783
3071,48,socialmedia,41,8/27/2024,17,3,4155-824
800,39,newsletter,202,2/17/2024,13,18,4156-1216
1229,24,socialmedia,261,8/5/2023,7,2,4156-951
146,18,NEWSLETTER,0,9/10/2025,20,10,415-8
1874,22,VIDEO,175,3/2/2024,4,11,4160-839
1518,46,newsletter,0,10/6/2025,10,9,416-10
1457,35,Video,283,2/5/2023,15,17,4168-905
2923,49,NEWSLETTER,89,1/23/2024,10,15,4169-1162
657,23,Blog,62,9/30/2024,2,1,4169-703
20,35,BLOG,0,10/7/2024,4,6,41-7
1862,5,VIDEO,0,9/6/2025,15,13,417-16
3704,11,Newsletter,40,9/4/2023,16,20,4172-363
2035,21,Video,48,11/29/2023,19,10,4173-620
3594,12,NEWSLETTER,180,2/18/2024,4,5,4175-734
3440,7,video,80,7/17/2024,6,14,4178-444
789,37,newsletter,162,5/20/2023,3,9,4181-1197
3515,14,Blog,98,3/29/2024,6,15,4183-1209
2695,35,Video,62,1/20/2024,1,3,4184-373
2033,46,video,54,8/29/2024,16,13,4186-315
1992,31,VIDEO,141,7/27/2024,14,19,4186-640
3545,36,Video,123,4/7/2024,12,7,4189-472
496,27,Newsletter,386,10/21/2023,3,5,4193-1431
3981,40,BLOG,61,5/13/2024,20,10,4193-252
3698,17,Video,7,8/25/2024,8,2,419-92
1062,50,Video,514,5/4/2023,15,8,4203-1378
3289,44,Video,69,8/25/2024,8,20,4203-337
647,19,Blog,118,3/8/2024,19,19,4206-783
1019,12,Blog,254,3/4/2024,7,19,4207-916
1875,38,blog,85,8/27/2024,18,12,4208-483
4129,22,SOCIALMEDIA,160,10/9/2023,9,3,4208-732
2344,21,Blog,64,1/7/2023,12,4,4209-475
3989,43,Video,167,6/25/2024,2,20,4209-871
1250,6,SOCIALMEDIA,396,9/8/2023,1,7,4216-1453
494,23,SOCIALMEDIA,53,5/13/2024,3,13,4224-509
182,7,Video,6,4/29/2024,20,12,422-68
3854,1,Blog,62,3/30/2024,11,10,4228-267
4618,30,blog,86,6/22/2024,7,12,4228-537
2486,22,NEWSLETTER,230,8/8/2023,19,9,4229-598
903,26,Blog,201,12/28/2023,5,12,4229-723
1947,3,newsletter,31,10/22/2023,15,1,423-115
1857,3,Newsletter,1,6/18/2025,9,14,423-18
214,3,SOCIALMEDIA,0,5/20/2025,16,1,423-20
567,22,video,154,4/27/2023,15,6,4232-918
1822,45,video,47,8/26/2023,5,15,424-131
747,6,NEWSLETTER,31,7/2/2024,9,7,4241-509
2475,31,video,181,5/1/2024,8,5,4244-1056
749,12,newsletter,14,2/12/2023,16,14,424-46
531,21,BLOG,28,5/27/2024,15,12,4245-235
4006,9,Video,231,9/1/2023,9,6,4247-995
1117,21,SOCIALMEDIA,0,7/24/2025,10,5,425-25
850,33,Newsletter,54,6/17/2024,19,17,4252-777
2989,26,Blog,76,6/24/2024,7,15,4255-313
2706,20,Video,180,5/6/2024,2,13,4256-672
1580,12,Socialmedia,47,6/4/2024,18,4,4257-284
963,1,Blog,238,1/13/2024,7,7,4258-823
1972,18,Video,118,2/10/2024,14,6,4259-651
4584,15,blog,127,4/3/2024,19,4,4259-732
1444,42,Newsletter,2,3/20/2025,11,16,426-24
2804,13,socialmedia,347,1/4/2024,6,13,4265-1244
4252,32,Socialmedia,44,4/28/2024,10,4,4265-285
4255,45,SOCIALMEDIA,268,10/5/2023,15,4,4265-858
1800,1,newsletter,192,9/11/2024,18,16,4274-894
2580,19,blog,159,5/24/2024,14,9,4277-907
881,1,Newsletter,38,2/26/2024,15,18,4278-608
3002,4,Video,150,6/25/2023,19,14,4279-1718
10,4,Blog,25,12/3/2023,15,15,4279-297
3511,48,BLOG,150,5/6/2023,3,15,4279-397
2332,42,newsletter,186,4/16/2024,8,3,4279-856
557,13,video,241,1/30/2023,17,5,4281-706
2943,17,newsletter,2,6/9/2024,17,12,428-29
950,4,SOCIALMEDIA,71,5/1/2024,16,15,4287-1059
2825,47,NEWSLETTER,105,3/1/2024,11,12,4287-850
3088,34,BLOG,528,3/22/2023,11,18,4290-1924
4532,19,socialmedia,33,6/27/2024,9,18,4291-284
4373,25,NEWSLETTER,55,3/21/2023,4,3,429-178
1499,24,Socialmedia,162,4/11/2024,15,6,4293-918
585,39,Socialmedia,111,2/8/2024,15,6,4296-467
2633,20,socialmedia,123,7/24/2023,13,6,4297-1051
11,38,Socialmedia,29,5/26/2024,19,6,4297-234
3750,41,Socialmedia,251,2/10/2024,11,10,4298-967
3516,18,socialmedia,82,3/17/2024,3,13,4299-485
1735,7,SOCIALMEDIA,176,8/2/2023,12,1,4302-1198
3077,20,video,2,5/3/2025,17,9,430-27
3597,5,blog,28,8/25/2024,17,3,4304-204
4201,7,Blog,83,2/12/2024,4,19,4307-520
2515,10,Newsletter,0,9/19/2025,20,16,430-8
3175,42,Video,66,6/3/2024,9,12,4311-807
1265,40,Blog,133,1/15/2023,12,15,4315-516
3610,1,blog,293,3/8/2023,5,15,4316-954
1427,2,newsletter,125,9/2/2023,19,18,4319-1168
3439,17,video,70,7/19/2024,15,10,4324-336
3899,13,BLOG,9,7/11/2024,16,1,432-57
105,10,Blog,465,8/10/2023,16,11,4327-1380
2947,20,newsletter,498,10/1/2023,6,16,4327-1550
3627,17,Blog,0,6/18/2025,11,7,433-14
2589,44,BLOG,3,3/19/2025,16,16,433-28
3033,49,Newsletter,3,5/23/2025,10,20,433-39
1416,20,newsletter,0,12/29/2025,16,12,433-4
620,30,VIDEO,64,5/13/2024,2,19,4336-322
1891,40,video,151,12/30/2023,16,2,4340-570
1608,19,blog,97,8/15/2024,8,3,4345-844
1555,30,newsletter,0,8/30/2025,1,5,434-7
4219,16,Video,269,1/7/2023,5,19,4347-1144
267,34,Video,42,11/18/2023,14,7,4348-376
155,3,Blog,33,5/3/2024,17,11,4350-269
3337,47,SOCIALMEDIA,85,12/17/2023,3,14,4350-350
3903,43,Newsletter,261,12/26/2023,10,3,4350-983
2078,24,Newsletter,55,11/1/2023,14,8,4352-759
4044,24,socialmedia,680,1/4/2023,7,5,4354-1376
3235,48,Newsletter,253,4/18/2023,12,20,4357-1555
3442,11,Socialmedia,15,6/25/2024,1,18,435-78
4298,34,newsletter,0,9/24/2025,20,13,435-8
949,16,video,94,6/18/2024,6,6,4359-569
1665,17,Socialmedia,70,3/24/2024,13,6,4362-388
2378,11,Newsletter,491,8/8/2023,7,10,4364-1360
71,37,Video,459,3/4/2023,11,14,4368-1156
3506,3,Blog,90,8/29/2023,14,13,4371-554
376,37,Blog,100,8/23/2024,1,8,4372-899
4295,14,newsletter,215,5/25/2024,9,17,4373-924
4275,12,socialmedia,59,8/27/2024,12,18,4374-395
4382,37,video,749,5/7/2023,13,19,4375-1790
4420,9,Blog,586,4/11/2023,16,15,4378-1953
3660,39,video,135,2/11/2024,6,11,4378-738
215,17,Blog,21,12/13/2023,14,3,4381-303
2321,32,video,111,8/26/2023,16,5,4382-1337
375,44,Blog,0,11/6/2025,7,9,439-11
716,48,video,117,8/10/2024,19,12,4392-891
349,21,Socialmedia,117,7/28/2024,19,6,4394-592
732,25,video,0,10/24/2025,7,3,439-7
4265,6,BLOG,103,10/8/2023,17,15,4398-501
3807,31,Socialmedia,156,8/31/2024,18,16,4402-852
207,50,Newsletter,6,2/10/2025,1,14,440-50
334,37,NEWSLETTER,339,4/27/2023,19,8,4405-1143
161,39,BLOG,180,4/19/2024,18,19,4407-1105
745,32,newsletter,52,8/8/2024,12,1,4408-496
320,12,VIDEO,5,9/19/2024,8,3,440-85
3091,30,newsletter,92,4/29/2024,1,17,4410-525
2173,14,blog,0,6/5/2025,15,13,441-12
2635,36,blog,73,7/24/2024,11,1,4411-967
729,50,blog,202,3/31/2024,17,6,4412-884
1154,16,Socialmedia,63,4/7/2024,15,18,4413-420
4355,46,video,129,5/5/2024,2,7,4416-908
2281,24,VIDEO,137,1/7/2024,17,9,4418-648
32,37,blog,0,11/4/2025,19,16,441-9
1007,20,BLOG,91,6/27/2024,7,20,4419-676
933,39,Newsletter,227,9/26/2023,18,8,4420-747
516,7,Blog,123,3/11/2023,4,16,4421-503
835,16,Video,135,4/30/2023,10,13,4425-1152
3043,26,NEWSLETTER,93,8/10/2023,7,5,4425-642
569,26,Blog,10,9/20/2024,10,8,442-66
4272,41,blog,167,2/28/2023,4,19,4426-745
3368,33,Newsletter,102,8/10/2024,3,12,4428-729
3055,23,Socialmedia,305,10/7/2023,13,13,4430-1610
3581,27,SOCIALMEDIA,286,1/18/2024,18,2,4434-1319
4493,8,Socialmedia,0,11/25/2025,11,4,443-5
1817,40,Newsletter,412,4/15/2023,8,3,4437-1178
277,15,Newsletter,285,9/26/2023,8,13,4437-789
694,12,newsletter,11,2/5/2024,19,11,444-119
3102,1,socialmedia,293,2/4/2024,13,18,4442-1178
429,22,VIDEO,251,2/10/2024,13,13,4450-814
3713,41,video,1,3/14/2025,17,13,445-26
4614,29,VIDEO,5,11/18/2024,2,19,445-54
3546,29,blog,257,9/25/2023,18,3,4456-1484
1589,11,Socialmedia,15,3/4/2024,19,11,445-93
1402,1,socialmedia,113,9/17/2023,20,8,4459-389
2811,21,socialmedia,193,11/11/2023,3,3,4459-546
3887,33,Newsletter,203,2/16/2024,3,6,4461-823
3148,33,Socialmedia,116,11/16/2023,3,18,4462-410
1294,15,Newsletter,62,6/25/2024,13,10,4464-1044
3369,39,blog,89,3/30/2024,17,19,4464-874
4476,29,SOCIALMEDIA,86,11/12/2023,20,9,4466-654
4602,38,blog,212,9/13/2023,17,19,4466-886
3301,45,Blog,123,6/25/2024,15,6,4472-815
4436,7,NEWSLETTER,1,4/18/2025,8,13,447-33
1227,39,Newsletter,1,1/4/2025,16,16,447-37
3219,12,video,252,4/13/2024,11,20,4476-1178
1808,24,Socialmedia,148,5/16/2024,19,7,4480-1057
386,22,blog,0,12/10/2025,16,18,448-21
2397,14,NEWSLETTER,152,4/2/2023,8,6,4483-706
1484,44,blog,2,9/17/2024,20,17,448-51
3127,6,Socialmedia,0,11/18/2025,12,12,448-6
4038,19,Blog,10,9/28/2024,20,5,448-64
365,15,blog,0,10/9/2025,14,17,448-9
4166,19,SOCIALMEDIA,0,8/8/2025,7,11,449-10
2835,34,Socialmedia,60,6/14/2024,6,15,4491-417
2286,20,Blog,6,7/29/2024,18,20,449-29
3185,5,VIDEO,5,2/16/2025,15,11,449-43
203,13,socialmedia,306,1/4/2023,1,18,4496-1368
3152,48,Socialmedia,13,10/2/2024,20,20,449-67
4388,35,Video,0,12/16/2025,9,1,45-0
3179,31,Blog,28,7/1/2024,8,15,4501-346
4463,25,Newsletter,28,8/16/2024,9,10,4503-269
3210,32,Video,348,5/11/2023,18,4,4504-1505
1760,45,blog,218,5/11/2024,10,6,4504-803
1588,40,video,315,4/3/2024,2,12,4510-1157
2396,22,video,209,12/31/2023,15,3,4510-705
2711,18,blog,106,9/21/2023,20,19,4511-652
3672,35,socialmedia,270,7/1/2023,7,4,4511-866
220,24,newsletter,53,1/16/2024,11,4,4512-432
629,49,socialmedia,32,8/7/2024,12,5,4513-243
1086,4,Blog,50,5/5/2024,9,19,4515-331
2468,39,VIDEO,118,7/20/2024,12,2,4517-961
373,45,Socialmedia,241,6/26/2024,3,17,4519-1024
1100,37,Socialmedia,0,11/9/2025,6,3,452-11
718,41,SOCIALMEDIA,96,6/28/2024,7,8,4521-931
1497,9,Newsletter,0,11/21/2025,1,8,452-21
2542,26,socialmedia,162,4/16/2023,2,9,4522-467
3618,45,Socialmedia,2,3/10/2025,16,4,452-27
3565,3,video,3,2/7/2025,7,7,452-35
1928,13,VIDEO,2,6/14/2025,5,17,452-39
3528,43,Socialmedia,97,11/7/2023,20,20,4524-877
1195,29,VIDEO,135,9/14/2023,20,7,4527-787
4148,12,newsletter,266,5/10/2024,19,14,4528-1112
2827,3,video,67,2/10/2024,11,17,4528-538
350,9,newsletter,296,9/11/2023,12,20,4529-1221
2172,36,newsletter,45,3/27/2024,13,15,4529-577
2180,19,Socialmedia,255,8/27/2023,18,8,4529-699
4235,41,newsletter,55,12/22/2023,3,13,4530-410
2217,47,VIDEO,0,10/16/2025,13,12,453-11
2431,48,Video,114,2/11/2024,16,9,4531-534
2242,9,Blog,40,7/29/2024,4,12,4533-817
3203,47,Video,0,11/2/2025,19,11,453-4
2966,19,Blog,566,5/22/2023,14,11,4537-1711
1355,15,Blog,90,5/7/2024,20,11,4537-495
945,13,Video,131,7/6/2024,12,5,4537-841
4223,19,Newsletter,367,9/23/2023,19,14,4538-1163
2761,41,socialmedia,147,4/25/2024,8,2,4542-1110
416,25,newsletter,157,11/27/2023,5,19,4543-1195
1813,12,Blog,200,2/9/2024,12,14,4543-1407
844,11,Blog,320,3/7/2023,16,15,4545-1015
1145,44,VIDEO,0,8/17/2025,14,19,454-7
399,32,newsletter,380,4/5/2023,5,1,4548-1543
3802,44,newsletter,30,1/22/2024,17,12,4549-431
467,7,Socialmedia,208,6/9/2023,18,4,4551-1228
3613,4,Blog,84,3/14/2024,17,4,4552-493
3084,24,Newsletter,0,9/10/2025,9,4,455-5
246,30,VIDEO,256,3/6/2024,20,5,4556-1277
4052,9,SOCIALMEDIA,142,5/11/2023,19,6,4559-1311
2504,11,Blog,0,9/20/2025,13,17,456-12
4021,10,SOCIALMEDIA,1,7/26/2025,5,16,456-28
1763,37,Socialmedia,303,9/5/2023,18,13,4562-960
2776,45,blog,111,4/4/2023,12,20,4565-601
252,29,SOCIALMEDIA,0,11/16/2025,10,5,456-8
1089,25,VIDEO,95,8/15/2024,12,14,4569-727
3904,17,Video,74,1/18/2024,10,5,4571-943
3496,39,Video,346,12/15/2023,4,14,4572-1088
1079,44,VIDEO,3,1/20/2025,2,15,457-35
1376,38,Newsletter,96,2/26/2024,16,18,4573-622
2428,21,blog,356,4/12/2023,18,20,4577-1951
4137,32,Newsletter,238,5/8/2023,11,4,4579-1985
3271,3,Newsletter,118,8/30/2023,8,6,4580-599
3662,13,socialmedia,160,2/23/2024,15,14,4581-748
2314,33,Socialmedia,35,1/31/2024,8,3,4584-428
1902,13,Blog,87,7/28/2023,10,3,4584-907
3600,40,Video,19,8/16/2024,16,15,459-104
1156,26,Blog,129,8/4/2024,5,4,4591-872
626,15,VIDEO,275,5/22/2024,3,5,4595-1068
3318,4,video,136,7/2/2023,9,3,4596-792
3637,50,socialmedia,59,7/26/2024,10,15,4597-495
4105,20,Newsletter,336,9/26/2023,1,12,4597-913
2328,42,SOCIALMEDIA,248,7/12/2023,18,14,4599-741
3552,3,blog,151,3/23/2024,8,4,4600-515
3413,35,blog,149,5/20/2023,1,19,4602-405
3971,36,NEWSLETTER,221,7/21/2024,20,5,4603-925
2572,43,video,425,12/7/2023,19,8,4606-1538
3430,34,Newsletter,0,5/30/2025,7,12,46-1
4316,26,Newsletter,0,10/3/2025,17,16,46-1
2080,36,Blog,282,2/26/2023,1,20,4610-1023
150,45,SOCIALMEDIA,85,7/25/2024,6,13,4611-373
158,17,Newsletter,207,6/3/2023,4,12,4613-1539
163,9,video,233,1/8/2023,16,5,4613-1553
3455,11,Socialmedia,4,2/24/2024,12,3,461-35
1173,13,BLOG,80,5/10/2024,18,14,4615-930
4359,33,BLOG,5,7/12/2024,1,14,461-63
870,27,SOCIALMEDIA,135,4/12/2023,13,18,4620-591
4094,29,newsletter,0,8/31/2025,10,15,462-14
3791,1,Blog,0,7/8/2025,1,11,462-16
3946,23,newsletter,0,11/1/2025,5,15,462-22
3797,18,Socialmedia,59,12/14/2023,16,8,4622-384
1445,18,Blog,122,12/17/2023,17,12,4625-412
2028,17,SOCIALMEDIA,3,5/1/2024,11,18,462-55
958,3,Blog,89,3/30/2023,14,8,4626-525
2479,15,video,511,8/6/2023,12,7,4627-1593
4432,15,SOCIALMEDIA,609,1/20/2023,13,12,4634-1614
2643,45,newsletter,66,5/6/2024,13,19,4635-505
4499,46,Video,12,11/2/2024,20,19,463-63
773,7,SOCIALMEDIA,104,6/22/2024,19,14,4636-722
3766,37,Blog,89,6/25/2024,2,17,4639-683
2794,18,Video,195,5/27/2024,1,6,4639-812
838,21,video,124,6/27/2024,9,18,4640-886
1438,40,Video,262,1/23/2024,16,11,4649-1173
4222,39,newsletter,153,6/28/2024,9,4,4649-836
1115,29,blog,0,10/12/2025,14,15,465-18
3551,29,Blog,32,4/25/2024,8,5,4653-292
2418,34,Video,120,10/29/2023,3,19,4653-764
41,8,Socialmedia,193,6/1/2024,2,12,4654-1083
1827,21,video,5,3/31/2025,2,11,465-48
2369,27,Blog,96,7/24/2023,2,2,4655-857
2678,46,Newsletter,137,5/22/2024,9,18,4657-1189
4159,12,Video,194,12/13/2023,16,7,4658-938
2084,4,Socialmedia,205,4/4/2024,5,15,4661-1127
939,12,SOCIALMEDIA,196,1/6/2024,9,16,4662-1142
3019,44,Socialmedia,586,3/12/2023,20,3,4665-2159
3191,27,blog,517,6/18/2023,19,19,4667-1554
4396,31,Newsletter,191,10/6/2023,4,20,4669-981
940,22,Newsletter,225,3/8/2023,7,8,4670-1542
2772,47,Socialmedia,533,4/30/2023,14,15,4671-1275
3433,45,blog,1,8/19/2025,19,11,467-23
2326,16,blog,1,7/22/2025,1,15,467-28
4300,41,newsletter,308,11/30/2023,19,8,4680-1158
515,21,newsletter,0,9/13/2025,17,3,468-11
3586,16,video,122,2/20/2024,11,14,4681-455
414,28,socialmedia,130,2/6/2024,9,3,4684-502
2083,22,NEWSLETTER,208,10/7/2023,12,19,4685-752
2665,13,Newsletter,2,5/20/2025,12,4,469-45
2778,22,Newsletter,322,12/4/2023,6,8,4698-1278
927,32,blog,401,1/12/2024,10,15,4699-1447
2901,26,socialmedia,110,2/11/2023,12,13,4704-1076
2834,35,Newsletter,116,6/5/2024,16,2,4705-734
1052,15,Blog,234,11/23/2023,13,17,4707-812
4482,42,Blog,13,7/11/2024,10,10,470-98
1201,40,SOCIALMEDIA,155,4/13/2023,20,1,4710-668
842,46,blog,200,4/29/2024,18,6,4712-1159
420,23,blog,188,10/30/2023,1,13,4713-1086
3190,3,NEWSLETTER,5,6/22/2023,9,19,471-54
3752,23,video,0,6/22/2025,4,3,47-2
3980,46,NEWSLETTER,153,7/7/2024,4,18,4720-929
1131,46,BLOG,60,9/8/2023,4,13,4722-590
1953,47,Socialmedia,2,3/17/2024,13,11,472-35
1697,3,NEWSLETTER,154,7/3/2023,16,1,4724-1111
3869,10,socialmedia,110,12/1/2023,1,10,4724-578
3312,46,VIDEO,161,4/28/2024,13,7,4724-863
4479,4,SOCIALMEDIA,56,12/3/2023,19,10,4727-359
1664,49,blog,33,1/11/2024,15,1,473-135
2565,44,newsletter,0,10/13/2025,10,4,473-20
264,35,SOCIALMEDIA,0,7/20/2025,16,10,473-23
3973,9,newsletter,278,9/18/2023,7,1,4734-1221
4427,31,socialmedia,460,4/6/2023,10,20,4734-1938
1118,3,Blog,262,10/3/2023,7,20,4734-933
2959,15,Newsletter,50,5/8/2024,11,2,4736-447
1616,2,Socialmedia,136,12/17/2023,11,7,4737-445
3735,39,video,1,10/3/2024,9,19,474-28
3529,40,video,439,2/21/2023,10,20,4743-1140
395,26,Video,681,2/9/2023,3,1,4746-2012
3615,25,blog,135,3/15/2023,13,8,4746-604
1929,33,VIDEO,235,10/10/2023,16,6,4748-1178
270,35,Newsletter,203,4/17/2023,20,1,4749-2069
2527,14,Newsletter,30,7/14/2023,19,10,474-96
3460,25,NEWSLETTER,1,2/13/2025,9,3,475-37
4210,8,Blog,52,3/14/2024,9,7,4755-312
1753,47,socialmedia,210,3/7/2024,17,2,4758-863
1063,6,Blog,260,1/10/2023,12,6,4761-1039
3042,33,Newsletter,176,1/4/2024,8,18,4761-652
1861,33,Socialmedia,0,12/19/2025,17,6,476-17
3157,27,Blog,139,2/1/2024,12,7,4762-478
3815,1,Video,50,5/1/2024,12,8,4762-564
4234,24,Socialmedia,99,9/29/2023,12,8,4763-530
3828,33,VIDEO,188,11/6/2023,13,3,4766-528
3820,31,Newsletter,218,3/21/2023,2,6,4766-569
3468,31,SOCIALMEDIA,509,3/6/2023,20,3,4769-1811
4599,42,Socialmedia,0,9/17/2025,14,13,477-17
2333,44,socialmedia,243,11/10/2023,12,4,4773-1646
2216,11,Video,71,5/25/2024,15,6,4773-590
2961,20,Socialmedia,3,3/25/2025,14,5,477-38
3144,14,Blog,302,10/19/2023,17,6,4774-1083
2660,31,Video,255,10/18/2023,9,6,4776-832
3479,30,Video,294,1/31/2023,9,9,4777-2084
351,24,BLOG,4,3/19/2024,18,12,478-30
3232,45,video,1,3/16/2025,18,16,478-39
2222,30,Video,95,4/20/2024,8,12,4786-612
2435,38,video,112,7/22/2024,6,20,4791-745
1757,46,VIDEO,0,10/9/2025,14,2,479-18
3651,13,Newsletter,165,3/15/2024,8,17,4795-859
1249,22,Newsletter,247,10/22/2023,15,18,4797-1033
2421,13,NEWSLETTER,146,12/31/2023,8,6,4797-503
2060,20,newsletter,266,1/19/2024,19,6,4801-1018
2590,11,NEWSLETTER,88,6/3/2024,14,3,4801-846
3577,7,NEWSLETTER,282,11/21/2023,14,3,4803-1133
2159,5,video,186,6/9/2024,12,1,4803-967
2057,5,Newsletter,11,4/21/2024,12,3,480-56
1773,32,video,0,12/14/2025,8,19,480-6
1130,11,Newsletter,12,8/9/2024,4,2,480-60
4055,42,Video,0,5/18/2025,11,19,48-1
4444,27,NEWSLETTER,0,10/8/2025,15,7,481-10
1108,3,NEWSLETTER,57,7/13/2024,9,12,4811-250
3747,6,Newsletter,0,8/17/2025,6,19,481-14
1707,15,NEWSLETTER,2,5/24/2025,12,13,481-38
306,26,blog,0,10/27/2025,16,10,48-2
3510,20,Newsletter,1,3/20/2025,14,9,482-19
678,32,newsletter,1,5/23/2025,9,1,483-19
1791,37,VIDEO,150,1/21/2024,12,8,4835-872
2824,10,Socialmedia,81,7/12/2024,17,12,4836-529
2453,37,Socialmedia,0,11/11/2025,20,8,483-7
778,27,newsletter,3,9/14/2024,4,10,483-70
2104,4,Blog,163,1/29/2023,3,9,4839-628
3915,13,BLOG,406,10/9/2023,20,9,4840-1434
1218,21,VIDEO,779,4/26/2023,11,6,4840-1780
3438,21,NEWSLETTER,0,10/17/2025,6,20,484-14
3674,4,video,0,9/29/2025,13,15,484-20
1164,15,Newsletter,248,12/25/2023,15,15,4842-988
3562,28,Socialmedia,76,5/23/2024,1,8,4846-304
4531,10,blog,316,6/23/2023,15,16,4851-1250
3867,38,Newsletter,194,1/2/2024,14,12,4860-1560
4182,35,VIDEO,0,9/12/2025,20,8,486-20
4537,31,Newsletter,229,4/25/2024,4,18,4862-1078
3526,36,Socialmedia,0,10/30/2025,10,13,486-23
3712,49,BLOG,108,7/1/2024,5,2,4866-950
2409,2,Blog,131,12/26/2023,6,2,4867-454
705,25,Newsletter,83,4/2/2024,4,3,4873-539
1702,46,Video,196,6/29/2024,13,4,4874-986
25,33,Newsletter,0,11/17/2025,6,10,487-5
1214,5,Video,106,11/11/2023,13,8,4875-1239
444,47,Blog,2,1/22/2025,8,20,487-57
638,11,newsletter,42,4/27/2024,2,3,4879-452
2995,24,Newsletter,494,4/1/2023,8,3,4880-1114
39,24,Video,373,9/2/2023,11,11,4881-1204
1039,27,Newsletter,0,12/16/2025,18,2,488-14
2921,3,Socialmedia,0,11/24/2025,10,2,488-15
2886,33,newsletter,78,6/29/2023,5,16,4881-553
4082,28,Blog,0,9/14/2025,2,18,488-18
4597,40,Newsletter,144,6/24/2024,18,17,4882-724
2581,22,blog,116,3/2/2024,17,13,4882-817
545,1,SOCIALMEDIA,221,5/14/2024,15,14,4882-924
1050,3,Video,0,10/5/2025,15,8,488-8
2563,21,Blog,546,3/20/2023,13,19,4889-2067
1951,21,Blog,165,1/6/2024,7,1,4890-1495
597,41,Video,211,3/12/2023,11,14,4890-632
3513,25,SOCIALMEDIA,25,5/7/2023,10,20,489-209
2044,28,SOCIALMEDIA,46,1/30/2024,12,10,4893-591
731,4,VIDEO,13,11/7/2024,19,2,489-79
368,8,Video,185,4/16/2024,15,8,4897-982
2203,7,Video,393,5/6/2023,13,14,4900-1170
2759,38,BLOG,1,7/8/2025,16,17,490-33
1809,16,VIDEO,1,6/14/2025,1,7,490-40
2534,43,Video,0,12/11/2025,6,17,490-6
3602,23,Socialmedia,85,5/11/2023,5,2,4909-525
4014,44,Blog,146,6/21/2024,15,11,4918-1047
2601,40,video,235,3/8/2024,10,9,4919-1253
3469,17,video,19,2/25/2024,20,3,491-99
3401,49,Video,263,6/5/2024,17,8,4924-1057
1072,7,BLOG,383,2/26/2023,18,8,4927-1761
4240,22,Video,95,10/24/2023,10,18,4928-698
1046,50,Blog,99,6/3/2024,11,2,4931-990
3670,32,Video,257,2/9/2024,12,1,4934-852
4192,48,video,3,12/10/2024,20,5,493-50
2255,14,Socialmedia,4,12/2/2024,12,6,493-51
3012,33,Blog,437,10/26/2023,9,6,4937-1729
216,32,Video,234,8/6/2023,4,17,4938-1068
1514,38,BLOG,230,2/22/2023,15,15,4938-1467
2597,37,Blog,0,12/13/2024,4,10,49-4
3392,6,Blog,140,3/19/2024,6,20,4948-1071
1417,30,video,467,7/5/2023,11,8,4952-1314
2980,21,NEWSLETTER,128,12/8/2023,15,1,4952-1324
4100,44,VIDEO,2,2/12/2025,13,13,495-39
232,38,video,105,9/9/2023,8,8,4956-495
2956,17,video,446,7/16/2023,11,20,4958-1593
4511,36,Socialmedia,0,11/13/2025,2,4,496-11
1121,38,newsletter,262,3/10/2024,8,15,4963-928
1956,41,blog,6,1/5/2025,7,8,496-45
3677,10,Newsletter,188,3/8/2024,5,14,4969-903
4570,12,Newsletter,108,5/12/2024,10,16,4970-1172
1081,25,Video,371,2/8/2023,15,5,4970-869
1110,19,blog,0,9/23/2025,2,6,497-17
324,15,Newsletter,2,6/5/2025,3,12,497-40
468,7,socialmedia,92,9/9/2023,15,20,4974-408
532,44,video,0,12/28/2025,15,13,498-20
2364,24,blog,173,4/10/2023,17,19,4984-605
4407,4,newsletter,5,10/30/2024,6,16,498-74
331,28,SOCIALMEDIA,3,4/25/2025,2,12,499-28
2733,31,video,57,6/30/2024,5,13,4995-939
1945,28,newsletter,121,4/14/2024,11,8,4996-1341
2770,1,newsletter,198,1/13/2023,15,6,4998-640
2430,11,SOCIALMEDIA,14,8/17/2024,8,10,499-94
2460,44,socialmedia,1,8/9/2025,12,17,500-28
1255,48,Blog,192,12/29/2023,19,4,5004-1271
3876,36,video,501,9/22/2023,19,9,5008-1822
3968,7,Video,27,4/29/2024,16,11,5010-481
197,20,Video,172,12/31/2023,4,11,5012-1452
2368,38,Socialmedia,227,2/10/2024,13,10,5012-1462
3908,11,NEWSLETTER,117,9/12/2023,15,10,5012-478
1694,23,Newsletter,69,11/28/2023,16,20,5017-718
1094,24,Newsletter,151,7/23/2023,19,20,5018-1011
1888,15,video,0,12/18/2025,17,10,50-2
2992,30,blog,154,3/31/2024,12,4,5020-1050
476,11,blog,293,5/19/2024,10,7,5021-1098
3390,33,Video,2,6/11/2025,4,16,502-36
1336,31,Blog,162,5/5/2024,2,15,5023-788
2241,48,Newsletter,95,4/17/2024,10,4,5027-819
902,49,VIDEO,68,6/5/2024,2,5,5029-963
1981,40,BLOG,10,6/9/2024,6,8,503-50
2260,30,Video,12,10/19/2024,18,18,503-80
2671,32,Newsletter,0,4/29/2025,11,17,504-23
1200,36,Video,2,4/10/2025,19,15,504-45
3751,29,Socialmedia,105,3/29/2024,7,15,5045-792
2450,14,socialmedia,68,3/20/2024,18,11,5056-462
3636,18,socialmedia,275,5/31/2023,9,1,5058-921
3317,21,blog,191,1/5/2023,14,20,5060-576
4250,40,video,735,1/27/2023,3,13,5061-1573
273,10,blog,60,11/11/2023,9,19,506-175
3925,15,Newsletter,376,6/18/2023,5,10,5064-1825
4027,31,Video,146,1/20/2024,17,15,5065-728
4065,6,Socialmedia,0,12/8/2025,6,16,506-9
174,16,SOCIALMEDIA,27,5/16/2024,3,18,5073-312
4179,23,newsletter,4,3/22/2025,17,12,507-36
1768,30,video,397,2/3/2024,5,14,5074-1437
4089,28,socialmedia,36,3/21/2024,13,12,5078-372
1165,27,NEWSLETTER,0,11/24/2025,6,6,508-10
1742,36,VIDEO,64,1/23/2023,1,20,508-139
509,40,socialmedia,34,8/13/2023,14,6,508-147
3366,6,newsletter,1,5/12/2025,3,14,508-28
636,21,Socialmedia,216,3/6/2024,2,13,5083-781
2775,17,blog,276,4/22/2024,1,11,5086-1337
3782,8,Video,151,3/20/2023,1,2,5093-938
4541,16,Newsletter,325,4/19/2024,11,12,5096-1243
3986,23,NEWSLETTER,195,9/18/2023,17,3,5097-848
1913,28,newsletter,0,7/9/2025,4,7,509-9
3470,14,Blog,65,4/8/2024,8,18,5099-652
1292,1,VIDEO,95,4/30/2024,1,7,5100-528
753,15,Newsletter,0,10/10/2025,19,14,510-11
3898,46,socialmedia,62,3/18/2024,15,19,5101-1019
1365,31,NEWSLETTER,0,9/29/2025,6,15,510-7
1128,17,newsletter,506,8/4/2023,17,17,5109-1351
4228,32,VIDEO,0,10/18/2025,10,7,511-16
1451,16,video,1052,1/16/2023,14,19,5115-2329
5,16,newsletter,306,2/21/2024,6,15,5116-1524
2681,48,BLOG,0,9/3/2025,7,19,512-17
1166,6,Video,0,10/15/2025,3,11,512-18
691,40,blog,694,1/28/2023,18,9,5123-2062
3780,46,blog,327,9/6/2023,6,3,5124-1016
2538,7,blog,307,1/6/2024,20,20,5128-1485
2970,43,BLOG,95,5/13/2024,20,4,5129-390
2573,49,BLOG,145,12/1/2023,5,1,5130-1234
782,26,Socialmedia,307,3/1/2023,20,4,5130-663
151,30,blog,299,5/30/2024,1,12,5131-1303
2891,19,Newsletter,68,12/17/2023,2,2,5133-857
2568,40,SOCIALMEDIA,3,5/8/2025,3,1,513-42
3230,37,blog,4,4/18/2025,4,4,513-48
1435,43,BLOG,40,6/9/2024,5,19,5138-285
3151,24,SOCIALMEDIA,134,9/9/2023,2,1,5139-450
3070,9,newsletter,192,3/10/2024,13,16,5140-991
1303,3,Newsletter,90,6/12/2024,14,6,5143-603
436,40,newsletter,5,9/14/2024,4,8,514-47
67,29,Newsletter,176,6/10/2024,2,19,5147-788
1794,25,video,277,4/21/2024,9,8,5150-1425
2051,38,video,320,3/28/2023,5,3,5150-1458
1023,27,Blog,1,4/16/2025,9,7,515-17
1783,16,newsletter,436,8/29/2023,11,14,5153-1276
1540,32,Newsletter,156,4/5/2024,14,2,5156-903
4284,41,SOCIALMEDIA,134,1/17/2024,12,14,5159-502
1909,23,Socialmedia,171,12/31/2023,12,15,5160-657
2300,50,Video,75,1/26/2024,16,12,5160-981
2132,41,socialmedia,1,7/21/2025,2,11,516-20
2190,6,Newsletter,94,10/11/2023,6,6,5162-961
1920,4,Newsletter,112,4/17/2024,8,8,5164-655
92,35,video,3,5/21/2025,3,8,516-49
372,37,NEWSLETTER,271,2/12/2024,3,2,5168-1366
2599,25,Blog,347,10/18/2023,8,18,5168-969
4244,50,Socialmedia,156,3/30/2024,9,20,5170-541
818,13,Newsletter,0,10/17/2025,5,12,517-14
3836,7,blog,1,6/20/2025,12,17,517-16
2134,23,Socialmedia,283,1/11/2023,19,12,5173-1033
1475,27,Video,628,3/27/2023,7,7,5173-2073
456,21,video,0,9/10/2025,8,14,518-13
3431,13,blog,33,3/26/2023,16,10,518-184
2164,16,socialmedia,9,8/17/2024,3,1,518-57
4084,35,BLOG,144,6/19/2023,4,5,5185-727
4278,37,Blog,165,2/14/2024,19,12,5199-1229
3313,4,socialmedia,0,7/14/2025,19,19,52-0
1864,9,Blog,166,12/10/2023,6,20,5207-1548
2930,17,NEWSLETTER,50,2/2/2024,19,6,5213-486
1490,2,SOCIALMEDIA,7,9/4/2024,7,2,521-40
205,18,NEWSLETTER,253,2/28/2023,13,1,5215-741
398,27,BLOG,0,9/17/2025,12,20,522-21
2823,42,VIDEO,0,10/7/2025,6,14,522-24
23,21,Newsletter,4,12/27/2024,8,18,522-43
2981,8,VIDEO,105,1/8/2024,8,16,5240-751
4310,15,video,0,12/3/2025,10,6,524-24
4312,49,newsletter,181,5/4/2023,5,4,5247-1668
374,24,Blog,333,4/15/2024,10,15,5248-1210
3664,46,socialmedia,280,5/18/2024,15,11,5249-1106
65,3,Blog,30,10/5/2023,14,12,524-94
793,9,VIDEO,121,10/11/2023,11,15,5250-1274
3284,15,BLOG,251,4/21/2023,1,13,5253-1979
1473,49,Socialmedia,243,1/31/2023,10,5,5260-914
2124,7,BLOG,42,4/28/2023,6,4,526-170
897,36,Socialmedia,305,12/29/2023,9,3,5263-933
3266,19,Newsletter,258,11/23/2023,15,4,5264-1398
4072,39,Socialmedia,112,4/25/2023,12,5,5266-716
4391,44,Socialmedia,178,10/9/2023,1,14,5270-666
809,2,Socialmedia,151,10/5/2023,3,13,5275-516
2549,27,socialmedia,72,10/24/2023,1,18,5278-472
2377,50,socialmedia,0,9/8/2025,3,13,527-9
3241,18,BLOG,9,7/15/2024,4,13,527-97
2,48,Blog,114,3/28/2023,18,20,5280-532
3769,38,blog,0,10/13/2025,3,14,529-22
721,11,newsletter,99,4/15/2024,5,7,5297-398
3419,45,SOCIALMEDIA,338,12/20/2023,16,14,5299-1281
3290,49,socialmedia,320,11/18/2023,16,20,5302-974
4225,45,Newsletter,1,7/26/2025,20,13,530-32
3448,14,Blog,7,9/9/2024,6,17,530-39
2919,45,Blog,796,1/28/2023,9,10,5305-1982
2882,8,socialmedia,126,4/22/2024,1,12,5305-495
840,30,Socialmedia,4,12/10/2024,9,1,530-58
1349,5,socialmedia,8,11/18/2024,16,9,530-78
4378,44,Newsletter,302,4/26/2024,13,10,5308-1121
754,27,video,249,3/1/2024,13,1,5309-1185
4153,13,Newsletter,115,4/7/2024,15,3,5311-636
1174,11,socialmedia,480,2/20/2023,3,5,5312-1684
2899,8,Socialmedia,167,11/22/2023,2,5,5316-1296
508,50,Video,213,2/3/2024,7,13,5316-836
1918,4,Socialmedia,136,12/29/2023,2,12,5318-662
2743,7,Newsletter,0,10/20/2025,6,10,53-2
1775,9,newsletter,0,9/26/2025,15,17,532-20
3362,41,Video,718,1/21/2023,7,1,5323-2137
2883,31,VIDEO,393,6/10/2023,20,8,5326-2157
1248,36,Newsletter,511,8/14/2023,12,9,5340-1990
3813,11,Video,0,12/19/2025,15,10,534-15
2346,17,socialmedia,2,6/22/2025,18,4,534-27
3420,31,newsletter,222,1/28/2023,5,12,5343-1124
3054,49,blog,216,3/5/2024,11,18,5345-962
786,45,SOCIALMEDIA,930,4/16/2023,19,13,5347-2378
4036,2,Blog,1,5/5/2025,6,16,535-45
3649,4,blog,18,12/19/2023,13,16,536-156
268,23,Socialmedia,235,1/30/2023,3,12,5367-1627
2494,49,socialmedia,766,8/25/2023,2,7,5368-2010
1472,46,Socialmedia,608,1/15/2023,3,12,5369-2089
2410,35,Socialmedia,434,1/22/2024,16,15,5372-1685
4053,32,Newsletter,179,1/30/2024,2,9,5376-1370
996,47,Socialmedia,146,3/22/2024,4,12,5378-556
2031,15,SOCIALMEDIA,25,6/5/2024,16,1,537-96
2427,36,video,311,1/8/2024,19,17,5382-1091
3262,35,Video,484,11/15/2023,5,4,5382-1694
1242,12,blog,2,6/10/2025,9,8,538-31
819,23,VIDEO,200,3/1/2023,14,18,5386-732
3286,30,blog,471,3/14/2023,12,15,5387-1664
4281,10,video,272,1/28/2024,8,6,5388-954
542,50,Newsletter,0,9/3/2025,8,9,539-13
1038,3,video,1,4/1/2025,20,13,539-27
4008,36,Video,833,3/15/2023,18,3,5393-2008
1223,2,NEWSLETTER,8,6/30/2024,16,5,539-38
2765,15,Socialmedia,858,3/22/2023,4,6,5396-2422
3860,37,blog,17,4/2/2024,10,4,539-68
2663,11,Socialmedia,414,4/3/2023,13,20,5396-910
1183,48,Video,0,12/23/2025,6,13,540-23
3578,32,blog,502,1/30/2023,12,19,5403-1419
3053,13,Socialmedia,257,9/12/2023,14,13,5403-937
1803,36,Socialmedia,271,3/5/2023,17,8,5407-2398
676,25,Socialmedia,0,7/11/2025,19,8,54-1
2721,45,Socialmedia,530,7/31/2023,14,5,5413-1394
3875,7,BLOG,0,9/12/2025,18,8,54-2
1672,13,Video,137,7/19/2023,1,17,5421-1005
3014,32,socialmedia,0,11/20/2025,7,1,542-19
1898,14,blog,2,3/22/2025,19,7,542-33
934,37,Blog,595,2/1/2023,17,3,5428-1692
674,29,SOCIALMEDIA,774,1/11/2023,15,10,5429-2104
411,3,blog,503,1/13/2024,20,12,5430-1637
104,25,SOCIALMEDIA,133,9/24/2023,11,12,5433-892
4502,31,BLOG,33,1/3/2024,16,1,5441-417
3843,27,Blog,61,4/26/2024,11,3,5442-418
2306,18,BLOG,286,5/9/2023,14,12,5444-817
4559,47,Video,253,5/3/2024,15,7,5448-1134
3985,31,SOCIALMEDIA,22,12/8/2023,3,6,545-117
3487,31,Blog,421,9/18/2023,16,18,5451-2029
1382,50,NEWSLETTER,0,9/10/2025,13,18,545-14
3628,33,Newsletter,312,1/23/2023,12,12,5453-1589
4000,24,Video,271,10/24/2023,19,4,5455-794
4415,12,VIDEO,6,4/30/2024,17,20,545-63
3027,4,newsletter,0,9/21/2025,1,20,545-7
602,1,blog,203,6/25/2023,7,14,5457-639
2888,17,Video,333,2/26/2023,1,17,5458-2431
450,1,SOCIALMEDIA,332,4/19/2023,20,15,5462-1685
944,10,VIDEO,0,11/5/2025,17,8,546-26
2616,26,Socialmedia,2,11/17/2024,13,1,546-34
122,13,Video,63,4/17/2024,6,12,5471-615
765,31,socialmedia,316,3/25/2023,5,12,5472-2376
4085,47,Socialmedia,3,11/28/2024,19,18,548-28
274,20,Video,820,2/14/2023,12,2,5486-1725
1894,34,socialmedia,262,12/24/2023,16,13,5488-1144
2889,33,SOCIALMEDIA,0,9/24/2025,9,2,548-9
2952,49,video,30,7/5/2023,16,8,548-99
3687,46,Blog,98,4/18/2024,15,20,5490-380
616,12,SOCIALMEDIA,5,11/18/2024,20,15,549-29
535,39,socialmedia,382,5/15/2023,10,18,5497-2279
4596,30,Newsletter,0,10/21/2025,2,4,550-11
3739,49,video,35,3/4/2023,17,1,550-183
1126,15,video,706,4/27/2023,1,14,5502-2056
2808,34,Newsletter,44,2/4/2024,12,7,5505-670
1566,49,Video,3,1/26/2025,19,17,550-63
2866,20,blog,190,2/8/2024,9,13,5510-1357
3715,8,video,2,6/22/2025,5,18,551-35
599,12,newsletter,355,10/18/2023,20,5,5516-1239
1465,6,Video,8,3/19/2025,1,20,551-67
2040,26,Video,0,7/31/2025,4,11,55-2
568,23,newsletter,0,12/19/2025,6,8,552-22
1321,16,BLOG,251,1/10/2023,1,11,5522-758
4282,35,Blog,998,3/19/2023,13,10,5525-2368
670,18,Socialmedia,504,12/19/2023,15,6,5528-1548
3897,41,blog,103,1/7/2024,1,14,5531-377
266,13,Blog,0,3/19/2025,13,9,553-16
1182,32,Blog,266,12/1/2023,20,15,5537-1868
22,11,video,357,4/4/2024,12,16,5543-1288
4187,42,video,422,9/21/2023,8,9,5543-1386
1352,38,NEWSLETTER,8,1/29/2025,5,7,554-72
3553,47,blog,0,10/21/2025,19,14,555-20
2309,5,BLOG,0,8/8/2025,9,18,555-26
391,24,Newsletter,2,4/4/2025,14,18,555-29
2089,19,socialmedia,102,9/11/2023,15,19,5554-514
3126,23,Blog,112,9/25/2023,12,13,5555-1055
3617,17,Newsletter,293,8/15/2023,4,6,5555-1313
3061,4,VIDEO,145,11/19/2023,10,4,5557-1827
2832,17,newsletter,13,6/11/2024,11,7,555-87
1731,20,newsletter,0,9/29/2025,19,6,556-24
3988,15,BLOG,4,12/24/2024,8,6,556-44
390,31,blog,526,9/11/2023,15,7,5569-1596
1414,27,VIDEO,238,6/23/2023,6,17,5570-1488
804,13,NEWSLETTER,428,9/12/2023,3,9,5571-1359
9,48,blog,123,3/19/2024,13,16,5571-1527
4530,41,socialmedia,285,1/19/2023,14,2,5571-777
421,35,BLOG,1,7/31/2025,14,8,557-36
2249,15,Blog,242,2/15/2024,3,7,5573-979
4590,37,BLOG,138,11/5/2023,5,1,5574-1467
247,40,Blog,193,2/1/2024,9,1,5576-860
1048,9,Video,0,12/7/2025,19,16,557-7
3305,39,socialmedia,355,4/23/2024,11,10,5579-1323
1095,16,Video,568,9/14/2023,9,17,5586-1952
1770,5,newsletter,0,10/7/2025,8,1,558-7
3983,21,socialmedia,0,11/13/2025,19,7,559-11
1568,29,socialmedia,0,6/3/2025,8,3,559-14
2469,25,Blog,0,10/29/2025,4,2,559-23
4087,34,blog,587,4/14/2023,20,20,5597-2326
3198,14,blog,0,11/18/2025,14,2,56-0
4136,28,video,1,8/15/2025,12,17,560-31
3774,43,VIDEO,547,9/23/2023,4,18,5606-1491
592,20,Blog,167,4/17/2023,19,6,5607-1433
3837,14,Newsletter,75,12/14/2023,19,18,5607-388
2448,28,blog,7,5/26/2024,9,12,560-82
1357,10,socialmedia,0,10/5/2025,19,17,561-17
2828,34,video,0,12/4/2025,20,1,561-18
4513,25,newsletter,173,9/12/2023,9,15,5615-1361
3122,10,SOCIALMEDIA,8,9/11/2024,12,14,561-63
4548,49,Newsletter,176,12/10/2023,14,16,5619-1255
2096,19,Newsletter,0,11/30/2025,5,16,56-2
1203,28,Blog,0,10/4/2025,8,10,562-15
1332,43,Newsletter,93,4/19/2024,14,20,5626-431
465,25,blog,134,6/28/2023,1,14,5626-497
3743,23,Blog,223,10/6/2023,7,13,5626-703
1104,33,Video,85,2/18/2024,9,10,5628-537
2247,34,Blog,888,3/26/2023,15,4,5629-2032
17,35,BLOG,9,5/17/2024,18,10,563-104
477,38,Newsletter,20,10/14/2024,17,6,563-105
1447,33,Newsletter,23,8/27/2023,11,2,563-171
2119,13,Newsletter,174,6/23/2023,8,18,5631-879
3239,35,blog,783,8/9/2023,15,5,5633-1995
1736,38,blog,358,6/19/2023,5,10,5638-2300
898,38,blog,0,11/18/2025,3,3,564-10
2091,50,socialmedia,79,11/11/2023,6,1,5643-1027
359,5,Video,633,7/2/2023,6,20,5643-1767
943,21,newsletter,640,6/20/2023,20,18,5645-1532
1161,44,socialmedia,4,3/4/2025,6,2,564-55
2523,44,newsletter,312,8/12/2023,5,4,5646-1910
75,11,Video,12,5/1/2024,13,18,565-137
4607,42,VIDEO,287,7/24/2023,14,3,5652-830
4514,44,Newsletter,3,6/4/2025,10,13,565-53
2728,24,blog,662,4/5/2023,15,16,5664-1710
295,27,VIDEO,520,12/15/2023,1,17,5666-1655
2895,31,Video,130,10/12/2023,9,3,5667-1217
3365,34,Newsletter,15,9/7/2024,13,7,566-92
333,50,Video,110,1/26/2023,4,6,5670-734
1178,39,Socialmedia,1,7/23/2025,1,12,567-21
1669,33,Socialmedia,135,6/7/2023,7,13,5672-1412
3972,1,Video,128,3/25/2024,15,4,5674-1262
3838,20,Socialmedia,9,10/12/2023,12,9,567-50
2482,43,Video,115,1/9/2024,15,14,5677-1446
4218,6,Blog,63,2/13/2024,8,14,5679-676
2191,19,Blog,324,6/3/2023,7,3,5680-827
1680,50,Newsletter,920,2/25/2023,16,20,5682-2221
3738,46,Socialmedia,185,3/23/2024,3,7,5682-997
388,31,socialmedia,533,1/9/2023,6,3,5684-1754
1939,34,NEWSLETTER,25,7/17/2024,15,1,569-131
1585,26,Video,19,9/25/2023,7,1,569-149
2854,13,Newsletter,0,11/1/2025,11,1,569-27
3491,38,SOCIALMEDIA,1,4/28/2025,10,9,569-38
4608,2,Blog,219,9/24/2023,13,7,5699-1928
1307,28,newsletter,25,2/2/2024,17,20,570-160
2588,40,Blog,0,11/2/2025,17,11,570-25
1762,47,Video,0,7/25/2025,13,5,571-13
2662,7,newsletter,692,10/8/2023,3,1,5719-1934
1696,10,newsletter,40,3/25/2024,2,15,5719-366
2561,35,Blog,67,3/13/2024,9,12,5719-580
194,34,Socialmedia,125,8/15/2023,15,10,5719-587
3993,1,video,402,4/22/2023,13,20,5726-1389
3645,45,Socialmedia,14,2/19/2024,18,11,572-99
3939,2,blog,428,4/20/2023,8,9,5730-1800
2072,7,Video,0,12/8/2025,6,3,573-13
1285,5,Newsletter,1,5/25/2025,8,18,573-16
1524,36,SOCIALMEDIA,430,2/13/2023,18,20,5734-1326
2922,46,NEWSLETTER,216,2/25/2024,18,16,5735-749
1522,45,newsletter,644,10/17/2023,18,9,5739-1980
1553,3,Newsletter,0,7/20/2025,7,20,574-10
3437,2,Socialmedia,78,2/13/2023,4,4,574-217
2351,38,newsletter,1,8/7/2025,14,7,574-30
1360,22,blog,170,1/27/2024,4,19,5746-1768
991,17,BLOG,0,4/6/2025,13,11,57-5
1858,27,Video,0,8/25/2025,18,9,575-21
2593,9,video,273,1/20/2024,6,5,5753-1060
190,1,newsletter,400,5/13/2023,17,11,5753-1480
3097,29,newsletter,0,12/16/2025,19,10,576-12
4552,45,Socialmedia,25,10/29/2023,3,20,576-129
2112,34,NEWSLETTER,88,7/8/2023,3,18,5770-715
2316,18,SOCIALMEDIA,233,4/2/2024,4,18,5770-844
1047,41,newsletter,4,4/21/2025,18,15,577-36
1428,43,Video,506,3/13/2023,8,17,5778-1846
1598,14,Socialmedia,174,1/29/2023,7,19,5780-1606
58,2,video,0,11/7/2025,17,9,578-11
1974,16,Blog,531,4/28/2023,8,8,5781-2252
882,45,Newsletter,1,4/3/2025,12,3,578-31
3342,13,video,16,4/2/2024,19,1,578-60
3564,18,Newsletter,2,1/2/2025,3,3,578-66
3283,10,blog,3,2/18/2025,13,15,578-69
697,7,Blog,270,4/6/2023,12,1,5787-2258
4060,36,blog,395,4/6/2023,20,12,5788-1008
237,20,newsletter,0,10/24/2025,5,1,579-10
570,3,Video,0,10/31/2025,19,14,579-12
2345,38,Newsletter,1,7/5/2025,17,15,579-26
1970,20,socialmedia,0,11/13/2025,5,4,580-12
3575,26,Video,34,3/27/2024,14,5,580-123
3872,3,video,1,10/22/2025,3,19,580-22
3340,13,blog,512,8/11/2023,15,19,5802-2029
2897,23,VIDEO,10,12/3/2023,8,19,580-46
2454,5,blog,4,6/2/2025,3,8,580-51
435,27,video,9,9/18/2024,19,6,580-88
81,30,NEWSLETTER,11,6/30/2024,11,2,581-117
2554,33,NEWSLETTER,0,12/22/2025,4,11,581-14
29,15,video,0,8/2/2025,17,20,58-2
2307,40,newsletter,0,9/11/2025,15,5,582-13
2406,47,Video,36,12/31/2023,4,18,582-138
2874,29,Video,101,10/9/2023,20,5,5823-858
2094,19,video,10,2/21/2025,20,13,582-73
3403,22,blog,311,5/6/2023,17,7,5830-1782
648,21,Blog,505,2/20/2023,18,14,5831-2028
2474,42,SOCIALMEDIA,0,10/27/2025,14,4,583-15
605,10,socialmedia,171,7/30/2023,15,13,5831-622
3251,11,blog,1,5/9/2025,17,19,583-29
3930,12,SOCIALMEDIA,286,11/28/2023,19,13,5835-1447
455,39,video,0,4/15/2024,19,19,58-4
2988,13,Newsletter,14,7/17/2024,12,9,584-100
3604,37,Video,127,3/25/2024,6,9,5841-576
1973,41,BLOG,389,6/28/2023,10,7,5847-1018
1811,31,blog,356,6/18/2023,14,13,5849-1010
4431,4,VIDEO,0,6/2/2025,17,1,585-14
1331,28,Video,14,5/19/2024,16,6,585-151
790,3,NEWSLETTER,294,6/1/2023,5,4,5853-1985
2944,30,Video,1054,1/9/2023,8,10,5853-2672
340,6,SOCIALMEDIA,455,3/25/2024,20,14,5854-1604
2807,43,NEWSLETTER,861,2/15/2023,15,10,5855-2486
621,45,BLOG,588,6/9/2023,13,13,5865-2367
441,6,SOCIALMEDIA,131,2/20/2024,5,18,5865-712
3689,7,Blog,423,2/18/2023,5,17,5867-1654
905,34,newsletter,176,11/6/2023,19,17,5868-1608
1476,13,VIDEO,583,1/24/2023,17,12,5869-1582
4529,15,Video,235,12/2/2023,5,20,5878-863
4292,27,BLOG,53,2/25/2023,12,3,588-119
3282,1,video,0,12/27/2025,1,19,588-17
3388,30,socialmedia,299,5/10/2023,3,20,5884-896
3623,40,blog,85,12/1/2023,5,18,5885-1075
3217,1,VIDEO,659,10/26/2023,12,14,5887-2106
4180,45,newsletter,179,12/30/2023,19,4,5887-918
1919,32,blog,0,9/22/2025,7,9,589-18
1916,35,video,188,3/2/2024,14,15,5893-689
2675,26,Video,4,11/25/2024,13,13,589-43
1792,45,socialmedia,657,7/11/2023,5,15,5903-2396
3853,37,Video,388,1/28/2024,16,19,5909-1572
1441,15,Socialmedia,48,1/9/2024,12,10,5919-550
2848,44,Socialmedia,146,3/2/2024,1,15,5920-1216
2879,42,Newsletter,376,8/8/2023,3,5,5921-1586
3931,4,socialmedia,79,11/25/2023,1,9,5927-1117
3233,12,Blog,0,1/5/2025,14,19,59-3
3411,48,video,155,1/9/2024,18,14,5930-1428
1595,20,Blog,124,8/8/2023,16,20,5930-564
2865,33,Blog,0,9/25/2025,13,10,593-18
2006,15,Newsletter,79,7/29/2023,19,12,593-235
4535,27,NEWSLETTER,396,2/18/2023,4,4,5935-1701
967,17,NEWSLETTER,193,5/12/2023,10,14,5935-1766
2652,13,SOCIALMEDIA,983,4/28/2023,18,17,5935-2411
2179,17,video,11,9/25/2024,19,13,594-54
3592,9,NEWSLETTER,395,1/11/2024,11,15,5950-1643
2668,28,Blog,0,12/19/2025,20,12,595-26
4574,24,VIDEO,1028,1/5/2023,14,9,5953-2291
3638,7,socialmedia,5,12/25/2024,17,6,595-52
3165,34,Socialmedia,144,12/25/2023,8,11,5959-478
1275,36,video,24,8/23/2023,13,3,596-100
3259,11,Blog,994,2/2/2023,4,15,5965-2662
971,39,Newsletter,42,12/18/2023,5,12,5972-558
16,2,SOCIALMEDIA,276,7/6/2023,17,16,5980-1227
703,12,Socialmedia,0,12/12/2025,15,4,598-10
3641,38,Video,404,2/26/2023,10,19,5987-1858
4304,5,Socialmedia,0,9/10/2025,11,12,599-27
53,41,Video,2,9/20/2024,16,15,599-39
3082,43,socialmedia,169,10/25/2023,13,10,5996-1978
1917,38,newsletter,110,12/5/2023,6,18,6000-923
3558,26,Newsletter,0,12/21/2025,16,13,600-23
2065,50,SOCIALMEDIA,0,9/28/2025,14,1,60-1
556,32,Socialmedia,236,5/12/2023,4,19,6010-1097
1999,30,Video,0,9/11/2025,5,1,601-11
1747,43,BLOG,0,8/29/2025,9,6,601-22
1097,7,Video,1,5/7/2024,11,16,60-14
4205,25,BLOG,273,7/8/2023,14,17,6018-913
2699,9,Blog,0,12/26/2025,7,18,602-11
4102,34,Blog,0,10/6/2025,4,17,602-11
2516,31,Socialmedia,0,12/19/2025,12,12,602-12
2320,21,Newsletter,142,8/25/2023,1,12,6025-1319
173,20,video,393,5/9/2023,17,3,6025-2221
4090,35,blog,205,12/17/2023,14,16,6029-1631
327,27,blog,42,1/3/2024,20,14,603-133
2274,48,blog,433,4/23/2023,10,4,6033-2366
888,35,Socialmedia,732,11/16/2023,13,8,6035-2101
1295,45,Newsletter,158,2/3/2024,3,15,6036-618
1711,31,VIDEO,8,3/1/2025,7,10,603-81
871,37,blog,131,3/3/2024,11,10,6038-1012
4357,39,newsletter,913,8/1/2023,16,7,6043-2328
1500,27,blog,346,7/15/2023,12,8,6044-1774
3114,2,Video,4,4/3/2025,18,6,604-45
822,7,Video,352,5/5/2023,16,6,6044-799
915,13,Socialmedia,90,9/25/2023,7,6,6047-474
4473,5,Newsletter,27,2/13/2024,16,6,604-95
1078,16,blog,0,11/10/2025,19,15,605-15
4035,4,socialmedia,537,10/13/2023,4,5,6054-1521
2457,7,BLOG,9,12/24/2023,20,15,605-74
807,29,NEWSLETTER,0,10/6/2025,7,7,606-24
977,30,Blog,644,4/26/2023,18,4,6064-1791
1933,33,Video,96,10/2/2023,11,20,6067-1230
3295,42,Video,368,2/5/2024,20,4,6068-1309
3700,3,Video,0,12/18/2025,20,4,607-8
660,18,BLOG,0,9/6/2025,6,14,608-8
3072,39,Socialmedia,24,2/23/2024,16,18,610-134
305,14,Video,152,7/11/2023,17,19,6103-790
767,11,Video,755,7/24/2023,11,20,6105-2088
1284,45,VIDEO,310,2/1/2024,14,1,6107-1918
1389,31,Socialmedia,99,2/21/2024,16,6,6109-1102
2920,44,SOCIALMEDIA,903,2/25/2023,2,14,6110-2113
1040,47,Blog,445,4/2/2023,11,1,6110-2554
1443,11,newsletter,360,8/22/2023,19,13,6111-1076
4385,45,Blog,21,5/12/2024,8,19,611-134
3341,45,BLOG,0,11/22/2025,7,18,611-15
3350,21,SOCIALMEDIA,1,7/15/2025,19,17,611-34
984,35,Blog,28,2/16/2023,5,3,611-81
4348,11,Socialmedia,0,7/12/2025,16,8,612-11
1316,12,VIDEO,360,5/8/2023,9,1,6122-1217
785,50,blog,146,2/10/2024,12,15,6122-578
2213,6,BLOG,461,6/7/2023,15,7,6123-1627
4172,40,newsletter,9,12/18/2024,16,20,612-74
1988,21,SOCIALMEDIA,179,8/16/2023,9,12,6133-1979
3201,11,Video,241,9/5/2023,9,13,6135-1971
2154,26,BLOG,2,3/4/2025,17,3,614-31
1378,10,Newsletter,3,11/18/2024,19,8,615-73
2546,30,VIDEO,289,10/9/2023,7,1,6158-1035
1395,9,Newsletter,13,1/10/2025,15,20,615-88
2194,32,Video,941,3/10/2023,4,2,6172-2823
1320,46,video,10,6/20/2024,1,8,618-144
2464,41,video,339,1/3/2024,1,13,6185-1208
4043,21,blog,312,8/18/2023,6,8,6186-1110
1579,47,Newsletter,15,6/20/2024,9,20,618-80
4173,36,socialmedia,744,9/29/2023,17,11,6191-2315
3320,5,VIDEO,0,12/15/2025,8,13,619-21
891,15,blog,167,5/13/2023,13,10,6196-821
4515,48,BLOG,887,3/17/2023,20,11,6200-2388
76,48,Blog,545,3/11/2023,14,3,6205-2834
4059,41,Newsletter,11,11/15/2023,1,20,620-56
4573,17,NEWSLETTER,123,2/11/2024,20,5,6206-1257
3291,17,VIDEO,509,8/3/2023,7,6,6209-1280
1991,8,Blog,0,12/13/2025,5,3,62-1
125,44,SOCIALMEDIA,29,8/22/2023,12,20,621-199
1961,44,blog,193,10/25/2023,12,20,6214-1844
464,17,NEWSLETTER,2,4/19/2024,3,5,62-15
1620,1,Blog,535,4/13/2023,12,12,6216-1342
575,39,NEWSLETTER,316,12/14/2023,20,12,6216-1777
2692,2,socialmedia,8,1/28/2025,18,15,621-74
1127,16,Blog,0,11/11/2025,11,6,62-2
257,16,NEWSLETTER,0,12/3/2025,7,19,622-20
2550,3,newsletter,0,12/6/2025,4,14,622-9
985,50,Newsletter,162,4/3/2023,10,17,6231-1065
4162,3,Video,9,10/8/2024,18,5,623-123
3962,37,Blog,370,11/2/2023,6,7,6234-1049
2055,34,Blog,855,1/20/2023,17,8,6236-2447
1291,4,VIDEO,146,2/7/2023,13,20,6240-1012
2492,24,Blog,678,1/30/2023,11,10,6240-2147
451,48,Socialmedia,15,8/18/2024,5,16,624-131
3490,48,Blog,46,8/28/2023,14,19,624-206
3180,9,video,0,8/26/2025,9,9,624-26
2862,1,BLOG,519,11/27/2023,2,5,6244-1844
2881,5,Video,8,7/10/2024,6,7,625-118
1102,41,blog,0,9/24/2025,16,12,625-17
287,41,socialmedia,0,11/13/2025,2,17,625-25
2586,14,VIDEO,0,9/18/2025,7,9,625-27
966,24,video,4,3/22/2025,4,2,625-53
2108,5,VIDEO,145,11/17/2023,2,11,6255-671
1804,39,Socialmedia,252,11/5/2023,8,3,6258-2159
4297,48,video,614,2/2/2024,13,19,6260-1944
1523,32,Newsletter,226,12/31/2023,6,12,6263-1098
1964,7,Blog,50,9/7/2023,14,18,6270-563
4360,23,video,183,2/26/2023,15,7,6271-670
1815,49,video,0,11/28/2025,3,12,627-21
2855,24,Socialmedia,299,5/30/2023,17,3,6273-1825
1985,32,NEWSLETTER,87,8/25/2023,12,13,6273-531
2522,20,SOCIALMEDIA,863,2/17/2023,1,16,6279-2064
3357,33,Blog,10,1/24/2025,20,7,627-95
3817,24,newsletter,2,5/23/2025,5,16,628-35
2535,14,Newsletter,96,1/22/2024,1,19,6284-1254
1895,50,Newsletter,254,10/18/2023,5,10,6292-1058
2046,33,video,60,8/29/2023,13,18,6292-570
668,14,BLOG,223,12/1/2023,16,12,6293-1990
926,21,Blog,457,4/17/2023,9,15,6294-1411
217,10,Video,279,1/30/2023,4,12,6297-1624
1304,47,socialmedia,192,10/10/2023,19,2,6299-1763
665,22,Socialmedia,260,12/16/2023,13,12,6304-1513
2760,18,Newsletter,0,10/6/2025,5,8,63-1
1547,30,NEWSLETTER,126,1/15/2023,18,13,6316-838
84,24,socialmedia,116,5/22/2023,18,14,6319-832
2373,5,VIDEO,415,9/25/2023,15,4,6321-1308
211,15,Socialmedia,0,6/24/2025,12,1,632-17
3004,11,Newsletter,2,1/17/2025,17,5,632-24
4364,37,Socialmedia,4,12/19/2024,3,19,632-36
1671,19,Socialmedia,317,11/5/2023,9,11,6328-1226
1502,30,video,508,9/26/2023,5,12,6332-2283
3990,4,Video,140,8/27/2023,16,15,6333-689
2716,48,socialmedia,189,1/17/2024,6,8,6335-733
2169,24,SOCIALMEDIA,30,8/27/2023,7,18,633-81
4517,27,Video,128,10/16/2023,20,11,6338-594
1584,40,VIDEO,0,11/2/2025,4,10,634-19
1272,26,SOCIALMEDIA,329,11/3/2023,15,10,6346-1640
406,36,socialmedia,137,9/9/2023,16,7,6347-741
1851,14,blog,290,1/18/2024,17,7,6352-1232
2796,35,VIDEO,547,2/2/2023,17,2,6356-1160
2009,2,Socialmedia,222,7/10/2023,1,3,6357-1084
311,33,VIDEO,210,10/13/2023,11,13,6357-968
1243,10,Socialmedia,137,10/29/2023,8,10,6361-951
3881,4,Socialmedia,27,6/25/2023,11,13,636-239
3006,48,Socialmedia,112,7/30/2023,20,10,6367-644
1399,45,Newsletter,362,5/15/2023,7,18,6377-1878
2651,47,SOCIALMEDIA,168,8/30/2023,10,2,6379-858
717,25,Socialmedia,0,11/19/2025,11,14,639-27
3895,32,NEWSLETTER,0,12/23/2025,17,7,639-7
4086,49,blog,0,9/21/2025,11,16,639-8
820,14,Socialmedia,0,10/15/2025,19,10,640-23
2294,34,video,1,10/20/2025,10,12,640-28
1777,45,blog,3,4/10/2024,3,3,640-61
1834,39,Newsletter,472,12/14/2023,9,14,6406-1474
3172,33,blog,290,8/20/2023,16,20,6407-1448
959,2,video,6,8/27/2023,1,17,640-78
2069,14,Newsletter,485,3/16/2023,19,18,6408-1762
1698,38,Socialmedia,607,4/18/2023,3,7,6408-2800
1390,10,Video,0,12/4/2025,12,18,64-1
2126,49,video,1,6/19/2024,13,9,64-10
1372,13,Blog,143,3/6/2023,17,4,6419-636
523,23,blog,188,8/11/2023,7,1,6420-1094
136,30,Blog,524,7/5/2023,16,8,6423-2478
1342,8,socialmedia,0,10/8/2025,15,12,642-7
1289,49,Newsletter,102,12/8/2023,4,9,6432-585
3383,13,blog,1,9/28/2025,3,17,643-26
1639,44,newsletter,208,3/15/2023,20,9,6434-801
292,47,blog,259,7/11/2023,7,15,6436-1497
2276,34,newsletter,806,3/29/2023,7,10,6440-1896
3732,4,Blog,0,12/2/2025,14,15,644-13
2712,15,Socialmedia,200,11/1/2023,7,14,6442-1781
593,12,Socialmedia,441,10/26/2023,3,17,6444-2254
744,40,SOCIALMEDIA,297,11/20/2023,1,1,6450-1074
2237,42,NEWSLETTER,0,10/14/2025,14,4,645-19
3057,19,Socialmedia,106,4/30/2023,16,1,645-241
1571,18,blog,5,4/27/2025,4,17,645-66
526,43,SOCIALMEDIA,440,12/30/2023,19,5,6457-2136
1234,45,blog,0,9/22/2025,20,11,645-8
4336,41,newsletter,1,11/15/2025,12,7,646-27
3155,2,Socialmedia,689,7/10/2023,18,1,6466-2501
1825,15,Blog,0,11/11/2025,6,12,647-22
4495,46,Video,411,2/11/2023,10,11,6480-1647
580,13,Newsletter,0,9/9/2025,20,17,648-19
1238,6,Socialmedia,187,11/13/2023,11,19,6483-668
269,43,socialmedia,232,10/22/2023,3,16,6484-763
1650,12,blog,567,1/7/2023,15,6,6491-1349
1129,18,video,259,4/10/2023,4,8,6494-1798
3443,35,NEWSLETTER,1115,2/18/2023,18,19,6509-2726
1230,38,BLOG,90,6/21/2023,7,1,6509-721
2472,23,socialmedia,205,3/12/2023,17,10,6509-971
3206,43,VIDEO,5,5/9/2025,5,17,651-69
4263,15,VIDEO,27,5/30/2023,17,11,652-121
2510,21,BLOG,123,7/10/2023,8,1,6521-577
3663,14,Blog,0,9/7/2025,14,10,652-25
1905,27,Socialmedia,1016,5/20/2023,13,1,6524-2422
2570,17,SOCIALMEDIA,231,12/29/2023,19,3,6526-1814
4138,5,blog,0,7/8/2025,19,14,653-16
2245,40,Video,0,9/2/2025,9,8,653-18
4212,47,Blog,356,12/23/2023,6,17,6532-1120
200,38,newsletter,72,2/23/2023,14,10,653-240
3632,45,newsletter,671,11/6/2023,7,19,6537-2252
2227,3,BLOG,4,11/8/2024,6,19,653-93
2365,29,BLOG,1,11/6/2025,19,9,654-30
810,16,Blog,425,6/16/2023,10,12,6547-1222
3893,32,VIDEO,1,10/7/2025,10,1,655-31
4243,9,video,97,11/13/2023,18,2,6557-1102
4401,9,BLOG,290,9/3/2023,10,10,6560-1793
2797,34,Blog,485,3/18/2023,7,16,6567-1130
1056,41,video,0,10/8/2025,9,5,656-9
848,36,Video,180,11/1/2023,19,19,6569-1074
3921,35,Video,334,4/15/2023,5,2,6573-1873
1872,40,Newsletter,223,10/3/2023,10,9,6584-1179
3100,31,newsletter,184,10/7/2023,11,18,6584-516
574,1,Socialmedia,13,7/6/2024,8,16,658-70
3156,50,newsletter,476,12/25/2023,1,16,6588-1755
1018,46,Video,0,12/24/2025,15,15,659-13
607,19,SOCIALMEDIA,238,12/22/2023,12,2,6591-825
2727,15,Blog,90,1/8/2023,14,13,659-269
3265,42,Newsletter,861,1/13/2023,2,3,6593-1883
892,34,NEWSLETTER,399,11/6/2023,8,4,6595-1190
3273,49,socialmedia,674,5/16/2023,14,17,6595-2275
2513,6,BLOG,950,2/20/2023,20,14,6599-2651
4586,11,Newsletter,17,7/18/2024,12,10,659-93
4609,21,NEWSLETTER,366,4/9/2023,4,13,6599-888
4451,30,NEWSLETTER,519,10/23/2023,13,9,6606-1483
149,26,socialmedia,389,2/1/2023,7,4,6616-805
2003,9,Newsletter,0,10/10/2025,18,4,66-2
3666,47,Newsletter,1,4/10/2025,11,19,662-24
1744,47,Newsletter,376,5/16/2023,7,6,6624-1044
833,13,NEWSLETTER,680,10/4/2023,14,10,6635-2138
4171,36,video,367,1/4/2023,18,13,6636-3146
2223,30,SOCIALMEDIA,658,6/13/2023,4,18,6638-2582
3032,34,Socialmedia,2,4/28/2025,2,1,664-23
3945,38,blog,1,9/3/2025,16,13,664-25
3697,9,Video,3,3/11/2025,16,20,664-31
1659,31,Socialmedia,3,3/26/2025,5,4,664-74
4446,26,Blog,0,6/7/2025,11,20,665-13
3096,12,Video,613,10/18/2023,3,3,6654-2055
3441,27,Socialmedia,399,4/15/2023,5,15,6659-2237
3901,26,Blog,2,7/24/2025,14,4,666-42
1493,46,Blog,2,5/8/2025,9,6,666-66
4026,17,Newsletter,86,8/29/2023,11,2,6666-920
3494,8,Newsletter,367,7/16/2023,18,15,6674-2141
2679,25,SOCIALMEDIA,6,9/25/2024,2,13,667-70
4334,6,blog,152,8/29/2023,13,5,6683-1393
686,4,Newsletter,0,11/17/2025,15,18,669-13
1240,36,SOCIALMEDIA,1,10/5/2025,17,8,669-32
2674,29,newsletter,0,11/29/2025,13,16,669-6
3104,15,Socialmedia,440,5/21/2023,16,5,6701-2524
1503,23,NEWSLETTER,0,6/10/2025,14,2,670-27
1934,19,blog,205,8/24/2023,14,9,6707-868
2224,30,Blog,0,11/12/2025,20,16,671-12
3924,23,socialmedia,729,2/27/2023,5,1,6712-1584
2186,16,Newsletter,0,8/25/2025,5,20,671-28
2447,3,Blog,620,8/1/2023,2,2,6715-2506
586,9,newsletter,0,11/27/2025,11,7,67-2
1194,17,socialmedia,3,4/9/2025,12,13,672-30
1582,29,blog,0,10/29/2025,16,4,672-31
2019,39,newsletter,138,12/12/2023,1,2,6725-1225
1946,4,Newsletter,7,4/14/2025,15,14,672-68
1993,3,NEWSLETTER,26,9/22/2024,8,20,673-132
2005,48,VIDEO,1,12/22/2025,14,8,673-30
2838,29,Blog,0,12/16/2025,20,6,674-20
4174,8,Video,1,10/23/2025,2,6,674-28
3725,46,Newsletter,1,5/23/2025,17,18,674-53
339,26,newsletter,460,9/21/2023,3,1,6753-2013
662,14,NEWSLETTER,7,4/19/2025,3,9,675-68
1942,19,Video,249,11/29/2023,2,5,6758-1704
3450,30,SOCIALMEDIA,920,1/25/2023,14,5,6758-2709
976,2,Socialmedia,703,9/26/2023,13,17,6759-1938
3089,7,Video,11,11/5/2024,14,6,676-73
1228,19,BLOG,213,8/31/2023,4,11,6768-846
42,16,Blog,840,7/23/2023,17,8,6771-2617
3477,27,Video,0,10/17/2025,6,3,677-15
583,8,video,187,4/30/2023,20,16,6773-1129
3022,21,Socialmedia,335,5/16/2023,14,3,6773-1287
1006,50,socialmedia,1,9/29/2025,2,15,677-32
4080,10,NEWSLETTER,630,5/26/2023,2,13,6777-2327
430,44,Video,0,11/23/2025,2,6,677-9
550,28,Video,1,7/25/2025,10,10,678-25
1351,29,video,176,11/11/2023,7,20,6783-506
1080,46,socialmedia,188,6/21/2023,18,10,6786-1710
4110,22,newsletter,23,7/28/2023,10,17,679-121
677,39,Video,200,7/5/2023,18,16,6793-1772
4236,4,video,325,7/26/2023,5,13,6797-1484
3673,34,Video,54,7/9/2023,15,8,6797-579
2465,19,VIDEO,0,11/20/2025,5,17,680-12
4579,1,Blog,516,8/14/2023,5,20,6801-2286
1903,46,Newsletter,1,9/12/2025,20,16,680-21
3277,18,VIDEO,0,10/30/2025,10,1,680-23
248,45,blog,1,4/23/2025,16,4,680-24
202,9,Video,1,4/20/2025,17,2,680-27
2451,46,newsletter,362,1/31/2023,14,6,6807-762
3099,4,socialmedia,472,10/29/2023,4,12,6810-1931
1592,15,Blog,1155,1/16/2023,6,20,6811-3230
886,15,SOCIALMEDIA,12,8/21/2024,12,3,681-142
1045,46,video,1131,1/22/2023,14,18,6813-2875
1681,32,video,4,5/27/2025,12,7,681-61
4454,11,Socialmedia,17,3/16/2023,4,9,681-87
1754,49,newsletter,365,11/14/2023,15,12,6821-1786
302,49,socialmedia,0,11/26/2025,9,20,683-20
4453,41,Blog,849,2/19/2023,16,17,6832-2319
1821,24,VIDEO,4,6/1/2025,3,15,683-50
14,2,Socialmedia,317,8/26/2023,16,2,6837-2251
3147,49,VIDEO,300,6/23/2023,6,6,6837-2251
1758,25,Socialmedia,447,9/26/2023,20,11,6840-1294
4125,2,NEWSLETTER,117,6/29/2023,12,2,6842-1012
1570,37,blog,620,11/10/2023,4,6,6844-2088
2337,40,Newsletter,732,10/19/2023,6,4,6849-2132
4381,31,video,110,4/19/2023,7,5,685-272
3690,4,video,231,6/28/2023,19,3,6853-1183
4045,12,Socialmedia,320,4/27/2023,13,6,6864-1273
2029,14,Newsletter,0,8/11/2025,5,11,686-9
1177,5,Socialmedia,0,10/24/2025,17,2,687-13
887,41,Socialmedia,0,9/21/2025,13,5,687-22
313,15,Newsletter,316,5/10/2023,6,19,6876-1581
1785,46,Socialmedia,846,7/13/2023,20,7,6879-2422
290,20,Socialmedia,521,9/25/2023,13,7,6881-2028
1036,36,Newsletter,456,5/7/2023,7,18,6889-1293
1978,19,newsletter,10,9/20/2024,9,8,689-124
1401,9,Video,2,6/4/2025,3,13,689-37
144,27,socialmedia,3,2/7/2025,10,12,689-44
2208,4,blog,5,10/22/2024,15,6,689-62
1208,29,Socialmedia,15,5/2/2024,15,20,689-80
798,3,video,11,7/7/2024,4,8,689-97
3776,48,NEWSLETTER,0,9/1/2025,5,6,690-21
1721,16,Socialmedia,83,8/25/2023,19,9,6906-541
1377,38,SOCIALMEDIA,0,9/18/2025,2,16,69-1
1385,27,video,2,5/27/2025,1,15,691-27
4301,16,socialmedia,899,3/9/2023,2,10,6922-3093
2936,35,Video,0,11/10/2025,4,8,694-15
578,25,Video,0,8/27/2025,12,4,694-8
314,27,video,10,9/29/2024,1,18,694-81
2591,15,newsletter,303,11/14/2023,19,7,6948-1406
492,26,Newsletter,0,8/12/2024,14,8,69-5
2437,24,socialmedia,0,5/4/2025,18,17,69-5
3410,6,Socialmedia,24,8/25/2024,10,12,695-131
3998,8,Blog,215,3/18/2023,4,20,6956-2262
3952,19,VIDEO,217,7/13/2023,13,10,6956-588
2877,43,Video,419,9/22/2023,9,3,6960-1667
3949,28,newsletter,1055,3/22/2023,16,20,6960-2355
2991,28,NEWSLETTER,66,5/5/2023,14,6,696-241
2204,4,VIDEO,3,2/23/2025,12,7,696-28
1318,1,blog,263,6/23/2023,5,7,6963-1336
97,34,blog,3,7/1/2025,16,7,696-47
2115,50,video,246,2/16/2023,7,11,6972-2070
2429,29,newsletter,2,7/3/2025,20,11,697-27
460,24,socialmedia,296,6/18/2023,18,18,6974-1320
2149,29,Blog,520,9/26/2023,15,12,6974-1894
1004,10,newsletter,93,3/20/2023,14,2,698-255
2933,41,SOCIALMEDIA,2,7/25/2025,4,10,698-45
72,19,BLOG,657,1/6/2023,17,1,6991-2499
4031,16,socialmedia,0,12/29/2025,6,14,699-23
3117,11,SOCIALMEDIA,813,2/4/2023,12,17,6993-2606
2056,22,NEWSLETTER,4,8/16/2024,7,2,699-50
4349,37,socialmedia,0,9/4/2025,3,16,70-0
1123,3,NEWSLETTER,0,12/1/2025,11,18,700-30
4462,22,Blog,607,7/21/2023,18,9,7005-2794
1323,50,Socialmedia,7,9/15/2024,12,11,701-115
1317,25,Socialmedia,44,3/28/2024,19,5,701-203
3522,10,blog,259,6/30/2023,17,1,7023-2063
4344,33,BLOG,1,9/17/2025,8,7,703-33
1344,15,socialmedia,216,9/8/2023,8,6,7037-2173
35,2,VIDEO,1,7/26/2025,13,15,704-17
921,19,Blog,95,4/7/2023,13,10,7044-821
4615,46,SOCIALMEDIA,80,10/24/2023,2,1,705-249
1774,23,newsletter,1,8/14/2025,19,11,705-29
609,26,SOCIALMEDIA,89,10/13/2023,10,12,7057-591
4450,41,Newsletter,1,8/3/2025,15,17,706-25
54,40,Blog,0,9/22/2025,13,17,706-34
4598,44,BLOG,71,8/15/2023,19,6,7063-588
1455,17,Blog,429,10/7/2023,14,1,7064-1425
1224,24,video,166,7/23/2023,1,1,7066-1061
2434,9,socialmedia,471,4/18/2023,19,5,7066-2442
2380,34,BLOG,336,9/16/2023,19,9,7069-1989
294,38,Blog,523,10/31/2023,15,16,7071-1859
658,37,video,586,9/25/2023,18,3,7079-1943
1536,14,SOCIALMEDIA,278,7/2/2023,1,5,7082-1186
3914,5,socialmedia,798,6/28/2023,6,7,7091-2316
4227,9,BLOG,2,6/17/2025,20,8,709-31
946,23,NEWSLETTER,992,6/9/2023,7,7,7093-2430
3308,36,newsletter,13,7/1/2023,11,8,709-65
3243,22,VIDEO,445,4/6/2023,14,13,7097-1633
2773,6,Blog,659,2/5/2023,14,10,7100-1370
4520,44,newsletter,300,5/7/2023,15,8,7101-906
4544,35,Socialmedia,14,11/5/2023,18,10,710-81
3997,33,socialmedia,21,4/2/2024,17,3,711-120
2174,1,Newsletter,1,6/17/2025,8,19,711-20
3268,31,VIDEO,0,10/29/2025,13,4,71-2
4020,47,Blog,0,3/19/2025,11,2,71-2
4534,35,Blog,35,4/12/2024,13,12,712-141
96,17,Blog,32,7/15/2024,14,13,712-142
3982,14,socialmedia,2,11/27/2024,11,19,712-50
1823,9,SOCIALMEDIA,729,9/19/2023,18,17,7126-2167
78,44,SOCIALMEDIA,2,6/7/2025,17,2,713-44
1890,40,blog,553,9/4/2023,8,15,7140-1615
1642,22,Socialmedia,0,7/21/2025,8,7,714-18
3234,5,SOCIALMEDIA,1,9/6/2025,12,20,714-36
4096,3,socialmedia,4,11/29/2024,13,11,714-52
3770,1,blog,1021,1/5/2023,18,17,7155-2087
4103,37,VIDEO,331,2/28/2023,19,12,7160-1264
3539,48,blog,493,10/16/2023,2,17,7161-2535
1261,39,blog,1314,2/9/2023,16,19,7167-3327
1326,44,Blog,289,2/22/2023,11,8,7168-1026
633,16,blog,1069,2/27/2023,11,5,7169-2337
3471,44,newsletter,400,2/18/2023,15,11,7172-1811
995,22,newsletter,90,5/28/2023,10,18,717-243
3902,3,Newsletter,1,12/5/2025,11,9,717-31
2183,29,Video,161,10/20/2023,10,14,7176-528
4093,21,blog,115,6/27/2023,19,14,7191-1071
1061,23,NEWSLETTER,51,1/28/2024,11,18,719-175
3612,41,SOCIALMEDIA,0,11/12/2025,8,3,719-18
2403,43,Socialmedia,609,6/14/2023,3,17,7193-2365
3505,18,blog,1,8/22/2025,3,14,719-38
3073,15,SOCIALMEDIA,225,10/7/2023,13,12,7194-659
860,28,VIDEO,9,2/27/2025,3,6,719-72
354,27,BLOG,0,11/10/2025,7,18,720-21
1645,4,VIDEO,343,8/14/2023,2,14,7207-1077
3101,33,VIDEO,374,4/16/2023,16,16,7209-1053
2577,34,Newsletter,18,12/24/2023,5,8,721-103
3596,15,Blog,16,7/16/2023,1,17,721-105
3314,28,newsletter,465,10/24/2023,9,18,7217-2404
3409,8,Socialmedia,232,7/5/2023,7,18,7218-858
4474,4,newsletter,2,7/18/2025,16,5,722-39
2545,27,Blog,313,10/16/2023,13,18,7226-1794
2082,49,newsletter,1,9/4/2025,11,1,723-22
3380,33,video,0,12/9/2025,1,6,723-29
3066,35,Socialmedia,23,11/13/2023,1,15,723-69
2446,14,blog,386,4/1/2023,9,10,7236-938
1954,50,socialmedia,325,8/6/2023,20,19,7238-1239
3237,10,Video,6,1/11/2025,15,15,724-107
4522,13,newsletter,1,8/24/2025,11,8,724-25
1826,21,Video,1,2/3/2025,13,20,724-54
2400,27,Socialmedia,420,3/30/2023,16,9,7247-1796
520,16,Socialmedia,1405,1/8/2023,9,4,7251-3048
1152,17,Video,0,8/15/2025,5,1,725-22
1374,22,Socialmedia,0,8/27/2025,18,6,725-28
1662,11,video,436,4/12/2023,14,10,7255-1085
2228,12,video,15,11/24/2023,20,18,725-74
3718,30,Newsletter,574,7/15/2023,17,6,7259-2943
669,45,Video,12,9/5/2023,11,2,727-104
541,9,video,0,11/4/2025,2,3,727-26
3777,50,Socialmedia,292,6/13/2023,19,16,7291-857
1989,19,Socialmedia,13,10/13/2024,13,7,729-69
1613,24,Newsletter,10,1/12/2025,19,4,730-65
1386,24,Video,0,12/31/2025,15,13,731-12
1509,14,Newsletter,0,9/14/2025,15,3,732-14
1563,14,Socialmedia,415,5/9/2023,12,4,7329-1692
4611,39,Video,0,9/23/2025,20,7,73-3
288,21,socialmedia,255,7/2/2023,6,10,7333-1200
719,31,Blog,846,5/18/2023,13,16,7338-2960
2608,2,Newsletter,43,10/27/2023,4,8,734-124
4588,41,BLOG,1165,2/20/2023,20,19,7341-3079
4313,7,SOCIALMEDIA,43,6/19/2023,13,11,734-139
1432,8,Blog,5,12/11/2024,2,4,734-71
1878,10,Blog,272,7/19/2023,13,5,7350-770
3657,25,VIDEO,0,10/8/2025,6,20,735-17
1810,20,video,116,9/2/2023,12,7,7352-781
3607,18,newsletter,1,11/3/2025,5,11,735-31
1873,19,Newsletter,0,10/28/2025,13,7,735-35
2826,36,NEWSLETTER,7,1/27/2025,1,1,735-70
4562,18,socialmedia,554,4/7/2023,16,20,7357-1399
1741,13,BLOG,1181,3/14/2023,15,16,7359-2674
2600,49,BLOG,450,1/11/2023,17,9,7360-1951
2095,24,SOCIALMEDIA,0,9/24/2025,3,2,736-11
1617,1,blog,329,5/19/2023,14,12,7361-1919
384,34,Socialmedia,305,4/16/2023,10,8,7361-2639
1135,19,Socialmedia,1221,2/18/2023,11,18,7362-3069
3287,28,video,517,4/28/2023,18,20,7368-1817
3792,17,Socialmedia,1534,2/25/2023,7,3,7378-3370
3500,43,newsletter,834,1/3/2023,2,9,7380-2016
102,11,BLOG,234,4/1/2023,7,7,7389-927
1843,7,VIDEO,0,12/1/2025,12,13,739-25
650,28,video,483,6/1/2023,8,9,7396-2102
4056,25,SOCIALMEDIA,6,10/13/2023,7,13,739-69
140,11,Video,394,3/8/2023,6,6,7397-1971
3375,37,VIDEO,391,8/1/2023,3,11,7397-2612
1239,46,newsletter,1220,3/10/2023,16,3,7400-3016
2814,30,socialmedia,1,10/23/2025,1,19,740-23
1876,6,Video,1,3/25/2025,17,3,740-26
914,18,VIDEO,1,5/6/2025,14,2,740-27
4340,23,Video,0,9/26/2025,13,13,740-31
4569,48,BLOG,341,2/19/2023,17,9,7405-1416
4430,7,Socialmedia,1,2/13/2025,7,1,740-53
968,44,video,436,8/14/2023,16,15,7410-1585
1761,46,Video,28,3/17/2024,7,20,741-214
1090,50,blog,406,6/13/2023,14,20,7412-1450
916,31,newsletter,631,6/13/2023,19,9,7415-2789
2971,46,VIDEO,256,6/21/2023,5,4,7418-810
358,35,blog,0,3/10/2025,4,6,74-2
4191,20,BLOG,25,6/13/2024,6,6,742-165
1199,34,newsletter,0,12/29/2025,13,15,742-18
1780,10,blog,0,10/3/2025,6,17,743-14
639,31,newsletter,17,8/26/2024,8,6,743-161
4274,22,Blog,507,10/3/2023,7,13,7432-1698
157,36,Socialmedia,7,1/14/2025,10,3,743-47
3661,39,SOCIALMEDIA,0,6/7/2025,18,4,74-4
3046,15,video,753,7/18/2023,6,11,7442-2679
3007,17,Video,1,7/5/2025,14,10,744-30
1788,28,SOCIALMEDIA,242,8/18/2023,13,15,7447-2462
286,2,Video,6,3/8/2025,17,9,745-78
3726,35,Blog,18,1/27/2024,19,3,747-142
3067,29,Blog,126,1/9/2023,7,14,7475-1172
2566,37,newsletter,13,3/18/2024,6,8,747-95
4195,23,SOCIALMEDIA,0,12/17/2025,19,8,748-22
839,30,Newsletter,36,2/16/2023,10,19,748-320
3028,45,Socialmedia,0,6/12/2025,16,19,748-40
3358,9,Newsletter,673,1/14/2023,15,2,7486-2161
4010,7,BLOG,652,4/19/2023,15,10,7491-1554
1686,14,blog,234,4/9/2023,2,16,7492-1801
4013,19,BLOG,80,9/9/2023,19,5,7496-649
2598,35,NEWSLETTER,485,5/26/2023,6,16,7499-1724
1288,36,blog,0,8/6/2025,9,18,750-16
1622,35,NEWSLETTER,664,2/5/2023,17,12,7503-2606
7,33,SOCIALMEDIA,1,10/1/2025,12,2,750-34
2103,17,newsletter,287,6/28/2023,20,11,7509-1490
367,17,Socialmedia,0,10/20/2025,1,20,75-1
3734,39,Socialmedia,886,3/19/2023,15,1,7510-3421
3518,26,socialmedia,0,10/23/2025,3,5,751-9
2950,21,video,0,11/19/2025,20,6,75-2
1247,41,SOCIALMEDIA,2,12/19/2023,15,5,75-20
3839,48,Blog,454,7/11/2023,20,8,7522-3061
957,26,video,7,1/7/2025,11,1,752-97
566,10,socialmedia,11,2/15/2025,4,12,753-107
3894,19,BLOG,40,8/13/2023,11,15,753-197
1264,43,Socialmedia,156,8/14/2023,9,7,7538-1603
2722,16,Newsletter,3,12/15/2024,17,5,754-59
1096,11,SOCIALMEDIA,585,3/9/2023,8,7,7548-3005
1670,45,blog,12,1/14/2025,18,7,754-90
781,28,blog,204,8/13/2023,11,1,7559-912
2509,18,Newsletter,17,8/10/2024,1,20,756-137
3119,48,newsletter,984,8/7/2023,7,16,7563-2998
3304,44,Video,7,5/12/2025,13,9,756-70
2626,37,Blog,494,5/18/2023,8,11,7567-1222
3675,22,Newsletter,602,5/16/2023,17,4,7568-1847
2802,24,blog,156,8/6/2023,13,10,7571-639
4111,48,Newsletter,0,12/17/2025,9,20,757-18
3263,11,newsletter,0,8/13/2025,10,7,757-32
2129,12,VIDEO,6,3/14/2025,19,10,757-58
814,7,socialmedia,4,6/29/2025,8,18,757-60
990,45,NEWSLETTER,794,6/18/2023,19,1,7583-2622
3260,38,newsletter,1,11/24/2025,14,4,759-28
4509,31,NEWSLETTER,855,2/23/2023,6,19,7597-3614
1690,22,Video,0,10/24/2025,7,18,760-21
2688,1,Video,0,12/2/2025,2,15,760-21
1034,33,Video,6,4/2/2025,14,14,760-68
2176,21,SOCIALMEDIA,28,9/17/2024,7,9,761-135
3017,15,BLOG,266,8/17/2023,12,9,7617-911
2107,28,Newsletter,6,11/8/2024,5,6,763-105
506,24,Blog,1,3/8/2025,17,2,763-46
101,44,Newsletter,755,4/14/2023,2,12,7637-3102
1482,18,Newsletter,61,7/4/2023,20,6,764-168
2893,19,Blog,1293,1/7/2023,8,3,7643-3344
1059,12,Blog,458,6/23/2023,2,19,7648-1110
2528,50,Video,0,7/16/2025,8,11,765-18
861,11,Video,0,9/25/2025,20,17,765-37
1623,28,video,1,5/20/2025,8,1,766-19
3346,6,BLOG,0,11/28/2025,3,7,766-27
4356,12,blog,472,8/8/2023,3,7,7668-2333
195,13,socialmedia,1,6/7/2024,10,10,76-7
3407,13,Socialmedia,0,9/21/2025,19,16,767-21
3497,3,Socialmedia,597,3/17/2023,14,16,7672-3341
1529,15,Video,652,4/27/2023,11,1,7674-1466
815,2,VIDEO,627,2/12/2023,12,19,7679-2681
378,22,VIDEO,526,8/19/2023,14,18,7680-2029
565,20,video,680,1/29/2023,13,16,7683-2806
3306,8,Socialmedia,567,1/4/2023,8,4,7688-2076
1779,29,Newsletter,359,8/26/2023,11,20,7688-2234
2252,34,blog,0,12/25/2025,7,3,769-22
1055,36,newsletter,0,11/15/2025,4,18,769-25
2075,32,Blog,174,7/10/2023,6,1,7692-647
196,33,video,0,12/1/2025,13,4,769-28
1287,46,blog,711,6/8/2023,11,11,7697-2001
4245,15,Blog,0,12/11/2025,12,5,770-10
1162,40,Socialmedia,661,4/7/2023,3,5,7705-1923
672,28,Socialmedia,685,2/22/2023,20,9,7705-2908
2349,23,Blog,231,4/14/2023,15,14,7708-1242
723,47,SOCIALMEDIA,0,11/15/2025,10,20,77-1
4254,2,Socialmedia,196,2/25/2023,10,15,7727-784
2987,7,Blog,464,6/4/2023,15,1,7729-1353
764,48,Blog,731,6/18/2023,6,10,7732-2570
1683,1,BLOG,626,3/11/2023,5,11,7735-2945
4448,7,Blog,1092,5/14/2023,1,14,7739-2745
271,28,Socialmedia,0,11/12/2025,19,1,774-27
651,46,SOCIALMEDIA,223,8/24/2023,4,11,7744-1134
4555,5,BLOG,622,6/3/2023,6,5,7745-1731
2870,8,Blog,1,8/25/2025,13,10,775-39
4440,30,blog,619,6/7/2023,10,9,7755-2346
3000,11,Blog,1098,2/3/2023,4,3,7755-2890
1860,1,blog,1203,5/29/2023,15,16,7759-3142
2324,5,socialmedia,42,3/11/2024,10,8,776-148
618,17,video,0,9/9/2025,13,20,776-18
345,14,Video,781,7/2/2023,19,13,7762-2590
3874,43,Video,4,5/6/2025,10,5,776-42
1734,4,Socialmedia,2,7/5/2025,11,20,776-49
1877,14,Blog,0,5/13/2025,17,11,77-7
3923,2,socialmedia,864,5/25/2023,8,5,7771-3289
1280,20,Video,145,3/17/2023,19,17,777-359
362,12,Socialmedia,355,5/10/2023,14,14,7779-1000
1077,44,newsletter,340,7/27/2023,3,3,7789-1398
4582,32,newsletter,1,12/1/2025,7,19,779-22
209,25,VIDEO,1,8/10/2025,3,7,779-24
3183,22,newsletter,1,7/13/2025,6,16,779-26
4004,4,Blog,412,7/12/2023,9,2,7793-1064
2017,6,blog,0,11/26/2025,16,5,779-36
106,13,socialmedia,335,8/23/2023,17,11,7793-951
280,21,Socialmedia,9,11/20/2024,18,11,779-88
2071,48,BLOG,289,3/8/2023,11,5,7799-893
228,35,video,0,11/2/2025,2,19,780-18
364,3,Blog,1284,2/24/2023,6,20,7805-3328
2636,10,Video,196,5/6/2023,18,5,7810-2034
1256,46,Blog,44,11/20/2023,3,1,781-173
1865,39,Socialmedia,51,2/4/2024,1,17,781-226
4369,7,Video,178,8/23/2023,7,17,7814-1646
3090,28,newsletter,3,4/24/2025,20,5,781-49
3888,47,Video,171,7/7/2023,18,4,7819-857
3209,12,Video,0,12/16/2025,13,19,782-17
137,3,BLOG,46,11/7/2023,9,9,782-239
3955,41,NEWSLETTER,165,1/9/2023,14,13,7822-947
960,30,Blog,132,7/14/2023,17,9,7823-1177
4458,22,VIDEO,484,1/11/2023,10,5,7823-2052
675,25,SOCIALMEDIA,353,6/19/2023,4,2,7826-1547
3372,16,newsletter,110,4/9/2023,17,9,7836-1019
3748,4,BLOG,1221,1/28/2023,5,8,7840-2727
538,9,Newsletter,0,11/18/2025,10,3,785-11
2302,13,Blog,0,11/30/2025,11,10,785-11
1581,35,Socialmedia,0,11/8/2025,12,11,785-17
1274,36,Socialmedia,2,3/21/2025,5,19,785-42
2253,8,video,8,2/15/2024,18,10,785-70
201,14,blog,0,6/27/2025,1,5,786-21
919,38,Video,2,7/5/2025,20,2,786-31
3462,3,Newsletter,10,12/23/2024,19,4,786-71
1215,16,video,32,4/3/2024,14,18,787-148
4291,49,Blog,1,7/20/2025,2,10,787-56
12,29,socialmedia,396,6/15/2023,3,10,7877-2037
1850,47,video,997,2/2/2023,9,13,7877-2784
2719,30,blog,894,3/21/2023,7,14,7878-1959
4510,30,Socialmedia,428,6/10/2023,15,16,7883-1334
4168,46,Video,205,2/4/2023,8,17,7891-791
4151,28,blog,1,7/31/2025,17,6,789-31
4554,36,Blog,1,12/8/2025,13,9,789-32
2685,19,Socialmedia,404,2/10/2023,19,8,7895-1046
3524,45,newsletter,1181,6/25/2023,8,16,7899-2935
1853,47,Video,227,1/28/2023,5,13,7901-1266
3051,7,Video,10,5/18/2024,9,20,790-193
4149,10,Video,514,4/14/2023,6,11,7910-1144
2323,10,blog,0,7/30/2025,4,16,791-13
970,39,Socialmedia,43,12/25/2023,18,8,791-135
1907,9,blog,27,2/21/2024,5,17,791-200
2898,33,BLOG,0,10/11/2025,17,9,791-9
343,36,Video,4,5/19/2024,10,15,79-19
171,46,VIDEO,0,11/5/2025,1,19,79-2
3018,20,Newsletter,0,8/23/2025,11,10,792-14
1995,46,Newsletter,1,11/6/2025,16,6,792-34
1286,41,Newsletter,0,8/6/2025,3,19,793-15
4560,15,Video,1046,6/26/2023,11,11,7932-3137
3630,43,Socialmedia,0,12/12/2025,11,1,794-13
3654,31,Blog,0,9/16/2025,14,9,795-17
1067,11,VIDEO,0,8/27/2025,7,7,795-22
2329,42,blog,2,3/18/2025,13,20,795-25
1468,26,video,1,10/25/2025,14,2,795-31
3502,45,NEWSLETTER,345,5/11/2023,13,7,7958-2248
2357,26,socialmedia,9,4/25/2025,18,5,795-87
3760,38,video,0,6/30/2025,3,19,79-6
4384,26,socialmedia,0,11/9/2025,16,9,796-11
2076,9,Socialmedia,1190,5/8/2023,13,11,7961-3194
2415,38,VIDEO,14,11/13/2023,12,1,796-74
45,9,Blog,4,10/19/2024,15,12,797-103
3975,8,SOCIALMEDIA,318,1/22/2023,9,14,7982-1869
4261,47,socialmedia,1243,3/16/2023,20,3,7984-3053
3643,36,Newsletter,1,7/4/2025,5,5,799-16
742,44,blog,66,10/14/2023,19,11,799-221
3974,16,SOCIALMEDIA,681,4/17/2023,9,14,8001-1521
623,48,Socialmedia,1,5/29/2025,14,13,800-62
1537,25,socialmedia,7,5/29/2025,11,18,800-74
3474,22,BLOG,3,12/19/2023,5,16,80-13
240,34,video,0,10/23/2025,20,1,801-38
2845,31,socialmedia,680,2/18/2023,7,5,8015-3408
172,26,socialmedia,15,12/13/2023,9,1,801-97
2280,38,video,0,12/16/2025,6,15,80-2
3683,23,BLOG,422,7/14/2023,3,11,8021-1974
3773,32,Video,1,7/23/2025,12,13,802-19
3629,37,blog,1,6/1/2025,1,1,802-29
1314,48,Socialmedia,0,12/26/2025,12,20,803-12
584,48,Socialmedia,790,6/9/2023,7,7,8032-2851
167,19,NEWSLETTER,564,7/17/2023,8,3,8049-2900
2013,5,Video,0,12/2/2025,12,1,805-14
4237,40,VIDEO,0,10/7/2025,3,16,805-18
4371,46,Socialmedia,1,11/6/2025,6,14,805-29
3359,17,Socialmedia,1,6/17/2025,15,12,805-30
2498,32,Video,1,9/23/2025,18,2,805-33
2746,32,Newsletter,3,6/26/2025,18,20,805-52
3680,42,Blog,0,8/27/2025,8,4,807-15
522,49,Socialmedia,0,8/25/2025,18,16,807-33
3589,4,newsletter,1,8/2/2025,13,14,807-45
689,28,video,0,10/29/2025,17,7,808-12
2311,14,Socialmedia,1,6/23/2025,9,18,808-26
2291,35,blog,1,12/28/2025,2,5,808-29
1170,24,Blog,2,2/7/2025,6,20,808-73
1434,20,Newsletter,4,11/2/2024,19,16,808-93
330,22,newsletter,943,6/9/2023,9,1,8091-2991
3954,37,Socialmedia,0,7/31/2025,4,10,809-49
177,2,blog,773,3/24/2023,5,7,8103-1781
734,30,blog,277,5/30/2023,19,5,8104-1780
3504,3,blog,208,4/2/2023,2,13,8110-1902
160,2,NEWSLETTER,0,12/28/2025,17,6,811-21
4619,31,Video,270,5/21/2023,3,19,8115-1872
1586,26,Blog,2,7/25/2023,15,17,81-17
4071,20,Newsletter,487,2/7/2023,4,10,8122-3692
1615,1,BLOG,0,12/9/2025,7,16,813-11
2277,32,NEWSLETTER,1142,3/7/2023,20,4,8131-2613
383,20,NEWSLETTER,522,6/23/2023,20,6,8138-1754
3238,5,blog,259,5/3/2023,2,6,8144-778
2355,47,newsletter,3,6/28/2025,2,15,814-55
2876,36,socialmedia,0,6/25/2025,20,7,815-19
2518,5,socialmedia,0,11/26/2025,2,3,815-31
2844,23,Newsletter,237,7/7/2023,15,15,8153-2307
4184,34,Blog,948,2/9/2023,13,16,8159-2326
2048,8,NEWSLETTER,1,10/31/2025,15,12,816-40
931,42,Video,0,10/22/2025,14,4,817-18
2934,45,NEWSLETTER,1,9/21/2025,3,19,817-36
1456,8,VIDEO,1,12/26/2025,15,19,818-25
3311,44,video,1,8/4/2025,12,17,818-45
2382,1,NEWSLETTER,2,6/14/2025,1,6,818-64
4526,41,Video,29,3/21/2024,20,18,819-139
1469,34,Newsletter,106,7/26/2023,8,4,819-295
756,50,Video,6,10/2/2024,4,1,819-53
3805,44,blog,0,9/26/2025,14,9,820-23
631,22,Video,396,2/21/2023,17,18,8207-923
2822,16,SOCIALMEDIA,0,10/22/2025,15,19,82-1
1341,45,NEWSLETTER,291,6/22/2023,17,4,8212-1563
2691,16,newsletter,1,11/24/2025,5,5,822-29
3253,46,Blog,0,10/23/2025,13,18,822-33
2704,31,Blog,24,3/7/2024,6,14,823-120
4405,39,newsletter,29,8/27/2023,20,18,823-245
6,32,Socialmedia,648,6/18/2023,18,19,8237-1641
1412,23,video,0,12/24/2025,11,4,824-10
4068,30,Video,32,2/27/2024,13,7,824-177
2996,16,blog,1,10/6/2025,17,15,824-38
3098,1,newsletter,442,5/1/2023,16,17,8245-3104
475,5,newsletter,3,3/26/2025,1,20,824-70
3822,31,BLOG,1136,3/11/2023,8,14,8249-3138
2667,29,VIDEO,0,10/19/2024,12,17,82-5
1746,41,Newsletter,14,10/5/2024,10,4,825-160
2386,28,Video,2,8/12/2025,4,16,825-51
3224,41,Newsletter,1420,4/17/2023,8,13,8257-3628
2758,17,blog,19,6/14/2024,17,2,825-78
3753,42,Blog,8,2/1/2025,14,16,826-104
1083,4,Newsletter,39,5/11/2024,6,3,826-218
3514,7,BLOG,0,8/21/2025,3,13,826-24
3809,44,VIDEO,0,9/20/2025,15,1,827-12
3737,37,Socialmedia,471,6/19/2023,19,2,8272-2750
1980,35,newsletter,0,11/14/2025,17,11,827-34
3432,48,video,0,11/8/2025,17,11,828-24
4305,28,VIDEO,55,1/17/2024,15,16,828-259
3270,32,newsletter,1,12/7/2024,6,4,828-29
893,36,BLOG,329,2/2/2023,9,7,8283-892
2587,3,Blog,42,6/3/2024,2,11,829-166
711,12,VIDEO,15,11/13/2023,14,20,829-197
4489,20,video,81,5/16/2023,13,8,829-247
3374,36,Video,122,1/27/2023,1,16,829-251
1191,33,video,1395,1/9/2023,4,18,8295-3174
4358,13,newsletter,285,4/17/2023,12,6,8298-1006
4447,22,NEWSLETTER,0,11/20/2025,4,4,83-1
3212,27,BLOG,20,3/10/2024,3,6,831-239
2611,1,Video,0,11/4/2025,10,9,831-34
4330,15,Newsletter,2,8/17/2025,11,14,831-47
558,45,video,3,6/23/2025,11,13,831-66
433,26,newsletter,1,5/31/2024,20,7,83-19
3103,3,Newsletter,2,3/16/2025,20,4,832-60
3447,29,socialmedia,521,3/13/2023,9,17,8328-3666
3310,41,socialmedia,636,6/22/2023,15,17,8330-1556
3116,48,Blog,2,8/12/2025,7,6,833-45
2793,6,NEWSLETTER,0,7/24/2025,2,10,83-4
878,24,socialmedia,184,5/31/2023,17,12,8344-1381
3937,42,Blog,734,4/11/2023,10,15,8347-2336
1411,20,SOCIALMEDIA,454,1/11/2023,4,15,8348-1133
1297,9,Newsletter,0,12/13/2025,12,20,836-20
2053,50,socialmedia,1,11/5/2025,15,1,836-32
412,28,newsletter,1,6/6/2025,14,16,836-46
2390,35,Socialmedia,584,2/26/2023,6,11,8365-1763
836,1,blog,1,8/29/2025,14,17,837-45
4393,42,socialmedia,1021,2/8/2023,15,7,8375-2526
1839,29,Blog,4,1/16/2024,16,2,837-57
3740,35,video,482,2/18/2023,17,6,8379-1159
4547,44,SOCIALMEDIA,0,9/4/2025,7,3,838-13
4217,8,Newsletter,0,7/3/2025,9,15,838-21
3695,37,Newsletter,4,5/8/2025,3,12,838-41
4011,50,socialmedia,3,12/31/2024,18,5,838-54
2813,48,SOCIALMEDIA,326,6/1/2023,2,7,8387-846
2755,49,Video,729,4/24/2023,1,13,8392-2061
3634,33,newsletter,536,6/22/2023,3,4,8392-2465
4152,41,Socialmedia,1,11/3/2025,17,16,839-29
937,27,socialmedia,373,2/14/2023,8,16,8400-1142
1212,19,blog,4,12/7/2023,10,16,84-14
3105,21,Newsletter,489,4/13/2023,18,19,8414-1574
4269,15,BLOG,2,9/2/2025,20,15,842-45
1315,15,video,0,12/9/2025,17,13,84-4
3159,20,Newsletter,1,7/22/2025,7,16,844-16
1009,32,Socialmedia,942,3/28/2023,3,17,8443-2197
1197,25,VIDEO,1240,2/20/2023,5,9,8445-2783
2392,10,SOCIALMEDIA,1,7/2/2025,10,13,845-19
802,6,Newsletter,1284,4/15/2023,5,5,8452-3664
1630,39,blog,673,4/15/2023,13,15,8455-2832
418,35,Video,1,9/2/2025,10,15,846-28
2983,28,VIDEO,1,12/10/2025,2,12,846-28
4163,31,video,2,3/13/2025,1,13,846-37
353,28,blog,12,1/18/2025,11,9,847-126
1421,29,Video,1032,4/8/2023,13,11,8472-3036
2268,49,Newsletter,1,11/2/2025,14,4,847-36
1479,35,video,13,5/12/2024,14,6,847-64
2061,21,Socialmedia,1,5/4/2025,18,8,847-79
827,42,socialmedia,0,2/19/2025,19,13,84-8
1471,10,Video,499,4/9/2023,5,16,8486-2343
1703,11,newsletter,1,4/7/2025,4,1,848-67
3567,29,video,14,7/9/2024,16,14,848-95
3261,14,Socialmedia,6,6/28/2024,2,16,849-55
1528,39,BLOG,302,6/11/2023,17,16,8505-862
1498,1,BLOG,0,11/23/2025,4,11,851-20
1910,36,socialmedia,44,7/11/2023,7,8,851-327
1649,40,Newsletter,0,11/29/2025,1,10,852-14
1793,49,BLOG,37,9/6/2023,5,7,852-251
261,36,video,12,1/5/2025,17,15,852-79
3574,26,BLOG,0,11/8/2025,10,7,85-3
2424,33,Video,830,5/28/2023,15,12,8532-2442
653,24,Video,422,5/20/2023,3,9,8533-1197
1384,10,Newsletter,197,4/28/2023,19,18,8551-1148
3031,33,blog,0,10/13/2025,18,19,855-13
1054,15,socialmedia,299,4/17/2023,15,13,8559-1957
3466,33,blog,7,11/14/2024,14,11,855-97
2026,16,Socialmedia,12,5/27/2024,13,3,857-179
1679,23,SOCIALMEDIA,1,8/16/2025,2,2,858-38
3563,3,BLOG,1526,2/20/2023,17,9,8611-3582
141,47,video,30,1/24/2024,13,16,861-264
1359,12,video,216,4/20/2023,20,9,8618-865
2864,7,video,30,8/31/2023,12,14,863-161
3703,4,Socialmedia,1,6/6/2025,20,6,863-36
874,3,Blog,8,2/7/2025,18,19,863-68
2012,35,Video,25,4/19/2024,7,9,863-90
3692,49,blog,0,7/10/2025,16,16,86-4
121,5,VIDEO,1071,2/9/2023,17,7,8641-3301
846,38,Socialmedia,1061,1/24/2023,2,17,8643-2912
3480,18,Newsletter,820,1/13/2023,14,14,8653-3936
1896,33,Socialmedia,5,11/24/2024,1,3,866-96
1087,42,Blog,1050,4/20/2023,15,18,8672-3480
278,38,newsletter,426,5/2/2023,2,10,8679-967
1971,10,Socialmedia,0,10/11/2025,7,6,868-10
3120,7,Video,0,9/5/2025,3,6,868-17
1900,45,SOCIALMEDIA,34,7/5/2024,1,3,868-205
1116,22,Socialmedia,1261,5/10/2023,2,16,8688-3498
1440,16,Socialmedia,1,11/23/2025,13,4,869-41
4279,47,VIDEO,4,6/4/2025,16,1,869-52
4260,22,Video,9,1/25/2025,10,18,871-72
2603,16,Video,46,5/14/2023,7,6,872-115
1148,8,Video,47,8/15/2023,2,9,872-148
2697,15,NEWSLETTER,0,11/9/2025,3,1,872-15
3559,7,BLOG,3,3/15/2025,16,5,872-84
2135,25,newsletter,859,5/14/2023,9,3,8730-3374
4557,46,newsletter,1107,4/14/2023,4,10,8732-2900
2620,37,socialmedia,980,3/24/2023,17,9,8748-3546
1661,4,socialmedia,0,12/2/2025,13,15,875-33
3840,48,Newsletter,1,7/31/2025,12,18,875-50
2798,18,blog,13,1/24/2025,2,18,875-95
3533,13,Blog,54,1/16/2023,7,4,876-233
447,25,Socialmedia,0,12/9/2025,2,10,877-21
1631,29,Blog,2,11/24/2024,14,11,878-34
600,3,SOCIALMEDIA,382,3/25/2023,17,9,8786-1381
3207,47,video,648,1/1/2023,19,15,8791-3105
1673,21,Blog,0,11/11/2025,14,10,879-22
799,18,blog,17,6/16/2024,9,10,879-84
2419,18,Video,639,3/24/2023,11,7,8800-1514
2025,16,Newsletter,1,10/21/2025,7,4,880-36
1801,14,socialmedia,739,3/9/2023,16,12,8806-3547
1187,50,Newsletter,21,8/13/2023,10,18,880-74
2592,1,blog,4,5/4/2025,6,14,881-72
4589,45,Newsletter,854,3/19/2023,5,3,8818-2234
2656,9,blog,0,11/28/2025,13,13,882-13
1935,40,Video,0,10/1/2025,6,17,882-18
1515,22,Socialmedia,1221,4/12/2023,4,5,8826-3729
1531,38,VIDEO,0,10/3/2025,17,16,88-3
1844,26,socialmedia,0,8/2/2025,12,17,884-20
4379,42,blog,315,4/3/2023,18,16,8844-1251
4461,47,Blog,4,3/22/2025,18,19,884-87
2393,19,Socialmedia,0,12/10/2025,6,5,885-16
1172,23,Video,15,8/27/2024,3,19,885-163
3569,17,VIDEO,1493,3/23/2023,3,13,8858-3373
1806,34,Newsletter,836,2/28/2023,5,7,8859-2675
4186,24,BLOG,0,3/14/2025,20,5,88-6
2701,18,Blog,11,4/25/2024,6,4,886-104
2525,38,video,1,11/18/2025,2,16,886-36
2151,6,blog,2,4/8/2025,5,9,887-105
2284,15,Socialmedia,448,3/21/2023,20,16,8876-1278
1300,12,newsletter,84,3/15/2023,10,10,888-230
2975,28,SOCIALMEDIA,866,3/13/2023,3,20,8887-3993
2395,5,video,534,3/15/2023,2,5,8891-2377
3278,26,newsletter,12,2/12/2024,1,19,889-148
2049,8,Video,7,2/16/2025,13,11,889-59
1814,6,Blog,0,10/25/2025,3,15,89-1
3351,24,SOCIALMEDIA,12,10/31/2024,11,6,891-156
3911,26,VIDEO,907,3/27/2023,8,5,8912-2066
8,47,Blog,1,3/31/2025,17,6,891-35
3475,8,NEWSLETTER,365,4/2/2023,6,18,8918-1148
4437,46,socialmedia,410,2/25/2023,16,19,8918-3360
4067,23,SOCIALMEDIA,0,11/9/2025,6,15,89-2
4483,20,socialmedia,10,8/8/2024,9,13,892-74
2192,8,Blog,0,4/16/2025,1,15,89-3
4553,36,Socialmedia,15,7/30/2024,8,14,894-158
1085,25,video,2,7/21/2025,7,20,894-43
3048,32,SOCIALMEDIA,2,8/20/2025,12,16,894-50
2303,38,Socialmedia,19,5/2/2024,3,3,895-105
4524,35,Video,935,4/22/2023,11,8,8951-3176
859,39,Newsletter,1,7/25/2025,8,4,895-31
784,26,Newsletter,561,2/19/2023,18,12,8955-1797
706,30,BLOG,308,1/11/2023,13,11,8960-2078
2768,7,Video,129,5/16/2023,11,20,896-372
972,16,VIDEO,1,9/7/2025,13,2,896-42
1767,21,video,10,9/24/2024,6,14,896-69
1186,28,Newsletter,0,12/4/2025,7,6,897-17
4500,39,Newsletter,8,9/14/2024,19,2,897-55
2484,23,VIDEO,0,3/10/2025,4,15,89-8
1495,5,socialmedia,0,7/28/2025,19,1,898-13
113,49,video,31,2/8/2023,17,14,898-184
4481,21,newsletter,17,2/6/2024,14,9,898-229
3177,37,blog,0,12/10/2025,13,1,898-37
3396,45,Socialmedia,0,11/28/2025,5,14,898-38
3461,20,Newsletter,1434,1/28/2023,4,12,8986-4168
1350,33,Blog,0,8/30/2025,3,3,899-13
1423,20,Blog,0,8/21/2025,18,4,899-22
2751,31,newsletter,507,4/18/2023,16,7,8993-2353
245,39,Video,339,2/15/2023,10,7,9002-2059
3225,30,Blog,0,12/27/2025,1,10,900-41
4133,1,Socialmedia,5,6/3/2025,19,3,900-77
2578,9,socialmedia,0,10/10/2025,2,7,902-18
1410,48,SOCIALMEDIA,6,6/13/2025,14,9,902-73
2543,8,Blog,531,1/9/2023,10,2,9032-1108
2002,9,Socialmedia,0,10/12/2025,3,18,905-22
2584,33,socialmedia,52,5/4/2024,8,7,905-239
1076,36,SOCIALMEDIA,15,6/20/2024,11,2,906-109
1619,33,Blog,0,12/28/2025,9,18,906-18
2363,35,Newsletter,0,9/14/2025,11,17,906-20
4603,10,socialmedia,6,4/27/2025,8,4,906-59
2177,45,Video,0,7/27/2025,4,5,907-17
1663,44,BLOG,1,4/23/2025,7,5,907-34
3566,18,video,15,5/30/2024,5,8,907-96
2265,6,Newsletter,0,12/22/2025,12,14,908-14
123,15,blog,0,12/16/2025,7,8,908-38
1644,14,socialmedia,511,2/2/2023,15,15,9091-3366
4049,41,newsletter,0,12/22/2025,7,4,909-22
975,35,video,3,3/21/2025,3,9,909-61
2847,27,socialmedia,46,1/22/2024,13,5,910-216
1922,32,VIDEO,362,3/11/2023,16,13,9102-2705
1840,32,Blog,774,1/31/2023,12,3,9107-1947
1358,7,VIDEO,1,8/22/2025,9,7,912-35
3587,21,SOCIALMEDIA,7,7/26/2023,6,16,91-32
1705,31,socialmedia,502,3/26/2023,5,8,9142-1364
1691,30,Blog,1,7/19/2025,5,7,914-63
530,11,Newsletter,8,3/30/2025,10,2,914-81
3382,14,socialmedia,0,12/18/2025,3,20,915-26
3316,10,blog,17,4/23/2024,17,5,916-237
2254,37,socialmedia,1,10/16/2025,5,14,917-32
3391,13,blog,15,12/17/2024,11,11,918-101
227,21,Newsletter,5,3/6/2025,20,10,918-73
853,4,video,7,3/16/2025,17,18,918-99
1715,12,Blog,1151,2/14/2023,11,15,9195-3901
2830,45,Video,941,2/2/2023,2,18,9196-3663
312,22,Newsletter,570,1/4/2023,3,7,9205-1157
3258,45,Video,0,7/27/2025,20,15,921-22
56,24,socialmedia,1,12/19/2025,10,5,922-39
611,24,Newsletter,1938,1/27/2023,9,19,9226-4223
4402,7,blog,14,6/17/2024,18,15,923-138
1845,2,Blog,1,5/26/2025,15,13,924-21
117,23,Socialmedia,0,9/24/2025,12,18,924-32
2646,21,Socialmedia,672,3/23/2023,9,15,9249-3643
4140,12,video,13,7/28/2024,7,11,925-108
663,11,Blog,0,10/4/2025,20,7,925-39
3812,18,socialmedia,1,7/3/2025,7,14,925-50
1204,11,VIDEO,0,9/16/2025,1,8,926-32
3919,36,socialmedia,8,12/14/2024,13,16,926-51
3030,16,socialmedia,36,7/6/2024,16,3,927-169
2596,38,BLOG,0,12/4/2025,17,15,927-32
1033,46,Blog,1,12/26/2025,11,19,928-38
3979,7,Newsletter,0,10/24/2025,9,7,928-38
1782,34,Socialmedia,18,9/27/2024,7,12,929-161
2024,27,Blog,2,6/9/2025,8,14,929-25
1676,31,SOCIALMEDIA,132,5/22/2023,17,12,929-344
2148,41,Socialmedia,1,12/18/2025,16,12,929-36
4468,29,VIDEO,0,9/15/2025,12,9,930-20
628,13,newsletter,21,7/5/2024,6,11,931-122
534,30,BLOG,21,9/17/2024,2,3,931-158
4410,12,Socialmedia,2,7/4/2024,8,16,93-13
1132,42,video,5,11/18/2024,19,9,932-130
3896,7,blog,0,12/8/2025,2,20,932-23
3083,28,Blog,1,11/21/2025,9,5,932-46
402,2,Video,950,1/4/2023,14,5,9328-4574
2331,7,Socialmedia,9,5/1/2025,12,9,932-87
2582,11,video,0,11/21/2025,4,9,933-29
222,12,Blog,0,8/16/2025,17,8,93-4
3907,32,VIDEO,25,11/26/2024,10,14,934-153
3694,47,Newsletter,44,4/14/2024,18,9,934-187
4412,13,Newsletter,5,6/14/2025,20,10,938-66
2564,6,Newsletter,23,3/29/2023,12,11,939-209
1069,15,SOCIALMEDIA,0,11/17/2025,1,7,939-23
3736,23,Video,1530,2/24/2023,20,12,9393-3843
1422,4,VIDEO,1977,2/1/2023,2,1,9399-4238
4123,28,Socialmedia,0,9/3/2025,10,7,940-31
885,24,NEWSLETTER,15,3/3/2025,4,10,941-123
4194,41,Video,1,12/11/2024,11,17,94-12
3168,23,video,1,8/19/2025,20,20,941-42
3353,20,Blog,1,6/12/2025,3,5,941-72
2764,22,newsletter,0,9/2/2025,19,18,94-2
4058,40,blog,1212,1/1/2023,15,10,9429-3475
3331,12,Newsletter,6,2/8/2025,5,16,944-119
4188,48,video,0,10/7/2025,3,1,944-36
57,8,Video,3,1/12/2025,7,20,944-91
2730,45,blog,17,2/1/2024,18,10,945-223
2319,42,Newsletter,22,8/10/2024,20,5,947-168
1437,20,video,16,9/7/2023,16,14,947-205
3648,19,Blog,1760,1/25/2023,20,13,9478-4247
2932,28,blog,64,3/30/2023,8,3,948-243
2574,19,Socialmedia,15,2/7/2024,18,10,949-191
2909,36,newsletter,1,5/5/2025,8,16,949-35
103,15,Newsletter,5,12/15/2024,16,16,949-38
3601,24,socialmedia,2,3/15/2025,9,6,950-31
825,28,Video,3,5/30/2025,13,14,950-36
275,19,NEWSLETTER,9,4/2/2025,10,8,951-117
2788,23,blog,31,9/16/2024,13,20,953-189
2187,42,Blog,25,12/13/2023,8,2,954-166
1082,7,BLOG,25,9/18/2024,5,3,954-178
4353,16,Video,0,10/11/2025,10,19,954-25
3856,15,Blog,252,1/22/2023,19,12,9550-1176
1846,7,Socialmedia,74,11/15/2023,3,16,955-296
3891,9,newsletter,6,12/12/2024,6,4,955-69
2408,48,Video,4,6/10/2025,6,14,955-74
873,40,SOCIALMEDIA,23,4/20/2024,7,18,955-96
1189,32,Blog,198,2/2/2023,4,15,9570-1373
2962,13,Blog,0,12/19/2025,5,6,957-14
3763,12,video,323,2/8/2023,13,9,9582-1101
3686,19,video,45,8/14/2023,1,17,958-344
4516,23,Newsletter,3,3/22/2025,20,16,959-78
741,12,video,0,9/30/2025,10,18,960-13
4580,22,Video,87,5/17/2023,3,18,960-212
851,9,VIDEO,0,10/27/2025,9,1,960-22
3964,38,BLOG,0,9/30/2025,8,20,960-39
283,17,blog,1,5/26/2025,10,16,961-29
4605,1,Newsletter,0,11/22/2025,18,9,961-45
1311,2,blog,1,12/21/2023,3,12,96-26
3325,7,Socialmedia,12,12/8/2024,4,18,963-162
2914,48,Blog,1,7/3/2025,1,14,963-54
537,7,Socialmedia,9,4/9/2025,7,15,964-82
951,27,newsletter,30,8/11/2023,17,13,965-135
3808,40,Newsletter,1,6/10/2025,6,13,966-57
2749,20,Socialmedia,10,3/2/2025,15,18,967-128
2156,17,BLOG,278,2/5/2023,19,15,9673-1081
170,46,Newsletter,1,10/2/2025,13,13,968-37
1163,27,Blog,46,9/28/2023,15,14,969-141
2894,30,Socialmedia,1178,1/30/2023,13,5,9692-2499
2102,18,BLOG,0,6/14/2025,18,5,969-35
3050,37,VIDEO,1,10/27/2025,16,15,970-39
392,12,SOCIALMEDIA,10,3/6/2025,16,6,972-132
973,12,video,23,8/4/2024,15,9,972-212
2197,14,Video,62,12/9/2023,18,7,972-328
1833,14,Newsletter,5,1/9/2025,17,1,972-70
2907,27,VIDEO,0,6/27/2025,8,13,973-28
1486,20,Newsletter,5,3/8/2025,9,15,973-94
4226,29,Socialmedia,1,11/14/2025,16,20,974-44
37,32,Video,400,1/24/2023,7,1,9759-3095
1098,31,blog,16,8/25/2024,16,17,978-150
2210,45,Socialmedia,32,9/26/2023,3,6,978-185
837,48,SOCIALMEDIA,5,1/10/2025,4,14,978-88
3196,5,Newsletter,1,12/30/2025,15,18,979-22
2512,14,video,1,7/22/2025,5,3,979-46
1535,21,BLOG,21,9/28/2024,16,12,980-103
4434,39,BLOG,0,12/3/2025,17,12,98-1
4389,50,blog,0,9/6/2025,1,9,982-27
4594,49,Video,0,12/21/2025,7,18,983-18
2984,8,Blog,3,7/2/2025,10,9,983-50
2269,29,Video,3,11/26/2024,16,1,983-61
470,14,Blog,6,2/7/2025,4,1,983-64
3759,19,Video,0,12/8/2025,16,6,984-15
652,22,VIDEO,91,6/29/2023,6,4,984-281
4231,49,socialmedia,0,8/24/2025,10,10,985-44
1477,11,blog,2,8/16/2025,12,11,985-45
1013,29,NEWSLETTER,12,3/13/2025,19,13,986-129
4426,27,Video,0,12/15/2025,16,19,986-20
1557,47,Blog,0,12/30/2025,11,4,986-48
3302,25,BLOG,0,11/6/2025,7,1,987-26
3611,4,Blog,1,10/12/2025,18,6,987-38
1312,1,Blog,18,9/16/2024,17,3,988-104
4246,11,Blog,2,9/13/2025,17,11,988-44
127,41,video,19,10/29/2023,6,6,989-103
4433,24,Blog,100,11/20/2023,19,1,989-320
3785,43,newsletter,3,3/24/2025,17,12,990-97
525,15,socialmedia,0,10/18/2025,10,7,99-2
1901,33,NEWSLETTER,7,3/28/2025,20,2,992-102
852,36,blog,95,4/8/2023,15,3,992-319
3824,46,Video,8,5/1/2023,20,8,99-29
548,35,blog,3,5/1/2025,1,6,994-67
3060,40,Blog,15,6/11/2024,6,4,996-169
2771,30,NEWSLETTER,0,9/18/2025,2,17,996-36
4214,1,blog,3,6/16/2025,9,7,996-36
1656,20,Socialmedia,0,9/11/2025,8,2,997-17
4283,1,newsletter,27,4/1/2024,9,8,997-181
2840,37,socialmedia,14,11/1/2024,2,2,997-187
497,46,BLOG,0,11/25/2025,16,7,998-11
282,35,Blog,1,6/19/2025,13,14,998-72
1408,50,Video,27,7/20/2024,15,16,999-144
1552,39,SOCIALMEDIA,0,12/26/2025,16,17,999-18
